original_user,hashed_user
WCR0044,c3f8bb9f3d151bba1451d4ab18d1e7ef2b84bcace37d72b1ef5be50cf686dc39
LRG0155,ce1594636af183e70c2fa961907aa259b0febeabf717253fee9f1b38c8d36b10
RHM0148,0305dd854d968a3151496dc366ea43e9c95561de3fb03086949a522712a2fd6d
BHV0556,4b4562dfb5ce6a3418895fcd3e499d0588f89d886bc3d711a5a5d24279cdbfb3
ACM0931,5bb13a7504b1d74da51b984660ea540c09d2d0779e15509eb9296f0b4e89fd58
BNB0746,7d2c5bc3e159396478b59983784ebdd2edb759b9b5aae37e7393fed134f41458
GCH0567,1daf5180d436e4375a0ed1c463eba43a70fea8f6f0eef0c528f69d1d6191fc00
KAB0942,317319a68ffeb1fe07fd3e5954a23b2d1c4749842f00cd93b8bd12cdec7066a3
ECM0654,856244d28f15bac865c3954e735a6a21bba01f41e1f253c02f41812e4cccf223
CSM0631,294b1870f68859648e119dc3b53cb35217ff213d368fab375f4416b6f883d8ab
CCM0732,209cf320ac1c077d911a36b48b43e8e92fdcd26a1f1bd3b5986f9b62693d717b
HEH0904,3fb2161a9ac38a98eb507b25e0f280b150f5e10b227ac17e5bc214da0234fd82
KBD0201,1d27d7df2c203aebbe40a7799a02844e72026f68d88944839d0df2d9292b731a
EDM0192,db41afadc28462bac80a10dc800ea34e27a13f59419535ebf5742e96ea92a7ae
LKH0051,a1fba303db1377e716746515e4da956f4f11af845224737b6656eccd50d89b0d
AUT0313,86020be9f53f6c3e722005aaae80768c34d2ef23f0b9d2fe7b555af8cf698475
SLS0323,9ad2ca469bd5cc7e67c52cdb1fe9126d95d988b37bb615fff60ba58cfac42473
CMH0589,96f20a4c4e00b61f014d310d6f31935e7d12e43722e649ca125fb3e43e17c393
CPM0326,a926df1168fc454a0c3039144e7188a5a7fd70fa6b94278c9e159c60d7421951
SAT0503,3d16c31ff3d0a0b02c8ed07d66b8eb12feb553bb8ceee3e1c415524adb9a106d
SDG0697,9414b4c6990aa72231b43dfa9ccc0cb78921a856cc8530163d299b9e77d47377
LAY0061,02bb4ee2ea70a3835ff1a2cb2cd0af346a80a9ba8b03e814d4835ec8fc754d0b
CCP0472,c5310f205d34cb0812bb2e677ff99b34f6b29150ba0f47c6c092772238c38fb4
KAD0703,f5cbd0ceef5ed1c52ee13e2930e669efb6c656235399c36a4a68027f4c41ba60
WMF0717,5df698a5e0e5f662e5c7c6b71f79fcff0cd03d66d75bd9ffb62753d10175a3a8
MBJ0853,8e215703507d9c493621cb835c971c9cadfe0a1377e47cf530eacd4abafc054e
KOL0702,9ecc8ec65fb60ece1b713379f7fed15f49f82ac43d505e70cfad1b65756b668d
HSS0108,df7abb9e9918ba3a8568211e9564e921758c7b9716a17d2dc09489d1e925124c
AMW0072,e1af6604c7f51750632a7b4fd2866be0fc193c1ac405fe20234b5c1743711f8a
NAY0604,de108ea2e08f8d4804dbe2765d2d4fbd9c0b148cf203706021439bdbb9f2a436
BUC0063,a17ca11d7bf4e7f64481782c412d3adbe8f66f55efaaabd48667e971e5dff08c
XCW0974,c5a928d37c64619d1f1d16fd04ca537be8a64924816589d727fbdad6b66cea7d
CVF0020,92f1e512adac1d914967e5aef410fe47d3d7d76f521f751a291366f1e477074a
AMR0027,37bc777b7d1914267562384272789001d455fc62f89024dbf7c259d2359884e4
DMR0116,da58a58d915187a3c93e638bf5be609378074853524eb1023b7471198e3d4a12
AJW0342,da1d0bd59662b422e8c773f77e7de0946097cd7735ffa7aceb3221605f8cdc3f
KJH0444,85405b623a8747f2ab3525fa21c7dcea4a9de8f3d9b39b9de6a6afb9b7fcb030
OCH0195,c8a1c14df3a0e6e4531936d013faeb7a7165d04da4c446b897db049591612a17
HDH0214,e71fc6d6abe6abf588b16d0fdb4f328d6e250c948516c6a6ff1af7ad1760c504
SAM0359,573c1aae93cb2e82ca2df6744dbe37053cb7d249172785ab50f7b8604629e085
KAH0848,4f24708cb6d8417abce9819890987c2cebb8e9182662ea3976f052494b949c9b
NCT0845,910ca03bf8bc797c0d8adad0593ac07136ee08cea53d8780a90e81778f02223b
CGP0849,89113d858ac90753f01fca201a9d21af2766a7874869b7a27d73fbe8c7218dc1
SPW0142,ce622178d6753656c11a905c58d8fa2465e3d66cf56860f73ad98bab170c344a
NEB0688,cfd735ea098c3174c938cc41c9e1fe47b7bf1205b8784ff7082b62cd3006c96f
BJS0097,db5a70cfad1a2bacbccada38f7ddac25de676271c8d6307b1560bf44c3898bb9
NTB0684,95524d05e7083049fa1063d1769b6c62b2b5531a93ab2285e783a1700ab49a2a
LWG0681,f09ad9e1b79f669ab965ab3db8d03ba74719b20652cd5f8a266de895cff36685
KNM0095,4b0cf944f7efed68a83a5b71d77b46e4e9c46a48fbb46bc94c01b09f1c0c0387
EOH0947,c99edc8254c1c41827967fd5ff8aeb82ab917b71e3b7686fafa06b76da41419b
RCH0961,d6abbfacbf22cc3c696d16f81ad731f2714ba3a2a3b54e4738630beec0fc9655
RBM0136,3ae4a4612a82695fc24592b08879f876aae5136f26e7a7a054262e2469f0d03a
LKM0355,4ffa75c71a4e7e8c70a52230b75ab2e23d4f82bcb6322304807e1c390698155f
SMG0950,e71995a36d7d40cebc3c5c1ec849010611769819b6f37c633929fec78aa45e3b
DGM0533,5051359644f084c3a34fc8959d98b0065883b6f24fe714fdc60050cf3fda1664
PHJ0041,ea53c399f93e14ea613e143b35f2882c88f9218125809ad22048c33404fe6024
KNM0008,730626d816325c7dab29fb1667b4426aaa5ee320680682f2d37f79416eee20d8
GBM0007,f359abcc89c14d5a596d9cd95a1b6e0acb14b65daf991f3e18e549345c70f4a6
TGR0912,67c2d61a0dee05d4fd2400c08d4ec6bc787b4a589324a6bd44c623c2ef3a2f7c
WAM0634,2b2738e0f6fdd5156f19ee77e543b2ba63ef7795f18e0cbea3a88383b0268d1f
RMM0540,594daa0ae891a8dab90f6b2fc9bcd68accb99c49fc36bae498f3eac95718bb82
OSF0896,1e00ef910e2bfdd37bcd9b9f20b980831aa4b9701c82616ba53bbee25d6adc46
ZPG0202,7d12b4d4d2765d39fc01d6857dcbd17fe9b35f2b4812319341507a5cfac0a416
AYA0403,8908a8276ab34ac79d04078641660ebb48444b250e35b0a3c05c20d21ec02436
FJH0267,4389dfb35fd0ae0fed5696fb24d56376dd786fc240fb5a3d6773c324c4c01a6b
JKP0596,c985988704a6031f1ec914c8bc0a132adeb660ce25362392f49417d71a7f5f4f
TNS0600,4152822fe52ee7d83781a323bd10f9d79e34826c301729d450532536dc2213dd
SSW0318,d4dee069536f7c80d30d32b9955cd136b77c1d29ccfb6a23d3ab5bf14da2f725
DSR0614,d860c21bd116977c2372ca0843e1f2719532983396d9b98ced6a5d35a1afe050
MKP0866,4e36b86c79b42c55663273eb9e0ad8fc0a8905225b6ac82c6d72fc00e19ba9c4
GHJ0428,42f52d288001eebd8dc38897d84a66422d769a0ecf85c06ce17b01fffe96b05c
MZG0328,5e298cbb3cc4234bec194570bdb70083532a1143e5213272972f5b29cfaa6686
ECM0004,9fa4e9d5b51420b3b0972113cb752782ad89df503da77d71b7b4ebcd2a041c21
ARS0549,c0d2966eb9405edf5987e415b2e109e660df793e97a00b9525bcb0781305d9c6
KIW0087,a7cd823ead6b8442e0709c6ed5801ff8ef1af10cc586e728224c601618cafc5c
CCW0209,c2b7c64caff55436c34a6d4339bf1dc7b88f076510f148ae81b904cab5639b2f
CAF0830,7285476cded0f65a1ee8103ebaaa961f6be55d390f711d71cc8213c06734b2ce
DNC0774,e4b92035bc736f2e68f34afd79ab627514834ea0e365e0a53281968b293cd64b
KMF0771,601fe6bcaf76121edee3444ca4950d40bda1d6eac92289bec30cde29523b7e53
LGS0292,cf5d126aa624b3ede7854fef3924ea67cd1b93e0ef838a0eacc31f681f02fe62
CWM0042,fe12967f38364b65002e6c677190602e3dc8da3a65f00a53214f90248a58ca51
ZSS0047,1bd8d2dc33b4f3a7f4562700b2549827ad248ceb5ca5cf1e15671cfbd71f3b03
JKA0374,f117bf5a17e14e0b090760c3b1ee3700046355874276d601a90538489a2ec352
ASH0225,9dd6e5e661e3152b71592946b089d510f41957b5218aff5f0db44b71b2caf4c5
SGH0371,ac9fb873252323d8d527e0aa8f2d18525948cb76cc4904b1e95fe3edba9cde1b
CDL0364,1e3135aabca80c034f74af212a1cd12cb1adbbfd99f5a45e1fcadc711efe029b
PWS0219,ec67c16c4b7c8354dd6f1dd856c0717fe4ba87270bb4690f0dc2545b74490ee7
LBW0372,27bacaa955183e6775e05a066e85eabaacb6ce8525f672690c54190f89b079b7
RQV0367,78390dcf536acc2fa9454d1fdfb1b68b171846474712e0bc05612e2e5bce1a37
IPB0360,2f7284a5c2a295ed62f76f9c4a955dac4767770df1e055b4d5632ad629fb8074
FLC0370,62e985c36208f72d84e113c5a39526bd20829e22518702693e899dd097adb7de
CSS0046,4e27da1b5cb79d4f97eefad8ce3426995b68e47ee9edb2e88b82896e187c704b
MSM0045,5e24e40c23ce42fe7a0c2d38d12a45e94c3492ad1545e95a7773bdeb7838bd8e
ANC0040,5e45b3a95343c7fdae89a58053b095a30d9072b23753126b4a79f7752a6ff239
TLS0216,28b972e41d3a9ff7479999616c68c90c363de9692e9bd9caccb9926641a2f5cb
AEO0038,8a53874b079d514b983d17f108940a796312f79fedc3c903a4fe17cdbc2ec10e
BGR0223,b3d2902275796860eccb9314099c7b1a485d532b0bd745dc2a484258c128bc3e
CKH0363,b127e0eae8718c8c3379a480d0f540f10bb26eb2a7625fffcb35b7d20944dc3e
SCF0361,e9414416dacb640d18520f04c73d8fff7626db8b2bd3b1ad328471b20a2dc3f3
CWL0357,f7ac2a3a8a2e841163263720a008e0b82da63c0575f795ef795c1e868b0900b1
KTW0365,4e17d811239da58934df4fa739aef9aa152869be765f025b939baf256d6f6831
ASW0368,4f9560224d6369e86c5175f6436316c725b88b2b7b137c920f79f5ae7771745f
NPA0366,15e4ba0179825397244d08b9f728bb2e9cb01eac86d3a79bbcdadb5bba09d6ff
DFH0356,95dbca401a6939d7a8dd8f7c7dba35857a82ea3054e75104af182299fb0accc2
JHH0362,a8b3e8ac48d46bc1d12f20de30e485ddc3e629e1f5414256c3d8c37f6c896c77
NLC0217,52ff877e3a3b8a2e328d78f67346dbac7325239b85028656bdf4259634fe4892
IAG0043,48fc460893a233d538fa6abeb33d7df36a85843eeda461b89b2a7bc86885366a
BJW0369,216aa00880d99b05028d41b28b071bf8494838d3929df4f61eec216d1ac0ef7d
AAB0224,e830e6b978edf6475a4794f1e9ad89d970951bedb63dcc556991ebe38e3a9ecb
SBR0157,0f540de042524477e86683e8b89ca316cbdd8437fbd8b57f3e327ba136d20af9
RLD0189,ba2d0cd63c3db6e32e59653e088f7a47d0b9eb8ebef43f19c22232b5faf3f7da
JNB0156,0e6a7e821c5183d4a7a91d60a9a559a03ef5f4cbaf606257dde5624e935e3893
IES0158,4aa11efba390ccfb929ea8e048bd8ae8294adbee30fb6e68ccca5c2166ee5fed
BSO0745,b5108991c048ab8348a3cacb4fb7d0f4975f75e6a513c89141c74d4daae8455f
JEC0568,79b06ddd37299bd9aae634b869f6dd4d972f361620b2ad7bad07a64e86ec8af3
KRP0648,e016cbf402dfc2f1a25b6ecaa6f4a2ce5846d5ec6cbd0ff42f461d83d1ff57ee
MKH0726,c7843808951dc06e8dc1340e493e24428d667001168a50198986923e383abf72
NMP0559,bec24a889163467bdc89e630d51317eedc364e8dec6a46d6605f951c4db83bb5
YOF0729,59d3034d35050fd117abdede14affae50c79d20645dca8786ee6d0597f6bb73c
JBG0990,4c9499a62faa98058e95da7deec271b7b9ac379f0ae52ad1c13a20ed877b99b3
MBA0736,d7ab35fb48eb35fcbc40c3959824a56629416957e23e1a6b9787672ddddd8fe8
AJH0734,84070a80ce0363ea67e0e26b7f71aa4a3e810957cff10736bfb0b759f5b9d955
ESM0937,f7feee04c44af756189ba622a559f5b3a609c5277673d816c234d536f55cf38f
AEW0655,52c42e5f2090d1ff52abaadb8357185af0dc9d5458a2c543c9f3280b508ae55a
MLB0558,815511a1a4107bfd489fe63a42d7235b0b1575845b839aafb003c68f61474dbf
KFC0739,20e7d31b7c4807891c20a8aaa9812982d59c48dd1d3b9a08dc3c7a070f25ca8a
THH0741,d9067620b11e6042c8acdf78012faab81a0ee6b2e36d9e725022a772667b937b
EKR0933,0014ec8e523786fbf45c31b538026ca4855f9f368fc553a5bb3014a486449cdc
JJK0934,daf68918c95f1dfa4e79d4968b41a0db7ee3292b3745d96aa25f1602453afe39
DDM0650,1272647fde36d96a2604fd75ea4d230bef4f024db3fd2ff75c68f310408df1e8
FBM0537,d1ec81abe4103e2ef71b21808c890232a9899131b0f36b89479d2d6725abcbac
FCZ0940,3a7f81a59e98b278c7260f7cb8cd2314c3b6cf198bc83f40db6d03e07d09a5ec
GCN0941,b92bdc863bbf8404e4ff3cb8af9bf831fac9c2becc7fae19e4318484c0766ee9
MRP0640,82f7972c433c6bf3da8b12c1cfc8c961cd78fbc4f9b410952fe31cb99e0485fb
ORH0742,1886403aaa2b04002d78b3e9abd363ff4c31bc349c4cf1a34e57077ae640e20f
RLW0754,ac47b0eeba8ef2f59e1154718453a443906578d49a520b833c1d537c304acf43
YRB0644,8402cb61492aab239e3dd23a72c059d90e9666ca7911eb6779e5b059eb3306e4
PBW0755,23858af7b4ffbd9aed266f92dd6a729a223834ba472fe778652a28b3e6286ab4
ACD0744,c36eedb67a61c6f15f13843aae15460c2ae560cc56ea03c7add754a204a969d1
BTH0930,1db8dfce33dd1badfe8729d783cd9a40124c0ea205997cab492fe225a2418beb
CAB0569,d36eb71b3fd5ca5cf9038e74d0dfccb5a986afeedd248763868d0a0d5db7bfd2
DAS0943,e5d34ca8c9290ccc16f7b7845c23fecfa2aebfed7f22f37e989da4fc1feb4fbc
KLC0653,9722a67d33e75e172a46fc324b8db69ab7a8a565f425fe7eeb400aaed8501ed3
QVM0638,ee138f5017dba31a4201adcf7ea18a1a21acffcdbd17bfba09347f829fe48226
CKB0641,65a3692127267d289f3af71fbeea40c0af1fe3e84162604e0cb1d7ac65a13c5d
GFM0735,ce65ec761a4e0a5a6ac1c0e94e9631ea4847e617c0aba403a7d4890d2cfd7542
HXD0560,1b92ad6d07b0c6f1672978282148309ced535f211fc3769b834c6bedd9062a6d
LRH0563,00ca331f4ae25a973b2ed9c9c09cb198a9829b56189218345582dc3e32decf41
MBF0635,48fbb7b67b3db33babdc06f20713912280aa92ede8a18d2fae78f26f451a1da9
WVF0562,66385dbc339b6211957844f3a8c3f240cd68ea04d09dd57be00aafb758e264ff
HKS0065,8b3e802cc6a344b984b1b6388a1fcc4cad83f75e908689f350982c05e6e20965
GRG0561,937bf58d92e9dd3c09d3a540c5974d49820f6ef07ff06f9ea1ac1ed5b144d8ca
AMJ0727,5cee492ef80f80994f7d97fd472f9504914fa9528f8a2cbe71635117ab6daa73
CAH0932,4e2cce1d4316bf9b0bf8d829bb30ed165cb6451208ae2eefd2b3e5454e703271
CMP0740,b1ef8ea97bc7faccc29c0ceca0044dea160c4bde201a62de3912e78cc554fa0f
HWL0565,cfb52c3588ddd581725694e46b88a5b32666ad0bb036f2d6ee0769521878de14
JCP0564,577931c97272e40a6a9d2a9a284d79ac9bb2ebb4cf9860ee6aca286937e60a1d
LVG0557,31e51054c62c63a003122366528d550a593f4604ae747bd33f96daacf12b875b
MAS0752,007ddeefa95996a290fc895ea2c19fc113d02aeb38c52d1ffc2d9a909d842c8f
WDP0639,7cadcc3e0c58e08d64054fd3b84fb702a396253cf6d81edd4b8bc2e929ebdb9d
WJH0064,1bd87f731016effe6cc42a0d60f0b3ef764588ed28091a79bc2e87b9298b6048
ATP0664,545c0046e646b8bedd3403eda9798665bf06251f44442c17caea7d7fe7e8ef4a
JFW0929,a70d531b79fb78308acea776cdaa62921b477c5f3e72a78d537986c36608f1ab
XMB0730,3658cc121a85cdc9395ac99ca85d5b83af57ddb1fdeeeba98b7ae2d2faa869bc
ART0659,766d6e458514167a49a57284462e0f2c44739d391ecfe1f3bd5f12c63b8354ca
HES0570,ca64741140560fd8fb13c99b7aa3e9fd5749d7dd52c658d1c95c81a3a13211ba
TDW0935,bfbdbdf0207b54dd4e496893d5f18029e3fe0f4233aff2938ed92a4500ea9eeb
LLC0645,9e2fae548d358a7f9be3d99d94e721d6e0d6f5d57f68863b24a4861734399c3a
LJV0743,40e93ff38ea6a25ff4c107a8c7235c77fe4236798febfd3ec983e07bb086840a
JLW0652,d1ca65b33876dec4aa53783fb911699f2bf73204cc656bbb730f6dbc9a52e9af
TSK0646,40c3e258f4c88ce0629e683eb03301cd8a92f7c7ca72ef0953c8b6f47ad0afd7
CMG0936,8b77cab894b4caaf288b5c9b2da1e5245e2d810e678a40061b888c5f812579f0
CCG0050,fc5a4048f7c130bcb308d0a46375f81671a2c36386060dedd77e0f493ba4a223
ALH0731,1b9822c31ac9f94cf9d97e988b786e93e63a65f256eb6868f927bf88cc31555e
EHM0656,8bb207ab5aa813a4c31ffa1737df5cb8db9c4581c3e58d2979c9b88170f8f7b4
AAR0566,cbe25a9fe80d04cfcce9f41a88706b6adae857c41025e17d64341851cde544bd
BMB0657,a5c8ed06dcc8df0720c8f6bf7e262fd47d62f480792a994157bee9a2eabbb17f
JIS0643,f9b4b0018ba7a2c8081168a16f86baf3a78c9d5c0ec35be468535a51f1c8dc5c
JRW0651,048a8fc3e5f5517bcafdfb629d3e67ac0b6a245380f561928bf05cdcba778ca2
RQC0633,a101b0051415c413d86d83ea86fdc9bcb93248a77e109e58a92f91ef16e7a226
SPG0647,d3e8f86c6122e583b17aabd3ee63421c913c7f482fdcd3cf31e0314fa777fa6f
KKB0938,af3cb5c1a9ff1e98bca44954eb99dfa43e55101096061695e0af889a3d999d3f
ZCJ0747,41f7fb3cd5b705576c69c1944cf6bbf5bb60f32e4b6f7dd2d0f030cef6ba0a1e
NLR0637,c21d4e7bab19ee0dc202c45969f65227c7cb139c78858a71fa9f1b3318779350
KFH0728,106129ca10853f93d13de149f1843751aaef0e6023fe8d0b7ce43e35d216961c
LVW0642,5f9d71b6fa3cb83045b1a71585908e0b3d00ab4c56255bd26172f281c8c423bd
CAM0750,8d3f9b322abba9e83a65e0fe2fecea1da681dd95c0109a1107603f008decf131
ACH0737,a5674a2195b73323925bd93ca336d11921f65b7a380f84f1e793754ca1595797
IJW0748,71e2500cc34752dd000bfa3407ecc08ab14ef2102febf9ab1f3719b686f88d3f
ASC0636,599e3c95758146d26dd7186b1875b7356cf66d7daee49172258052b0d959c382
JJB0649,dc1c5797b2e6581f44e66b24fb4bd5217b942e4a0a126ce45439ceab4752264a
KDB0753,628d1eeeda495d02a526265068a0578c1dd713f553efe4cfe8899d20b789ddf3
RJL0749,e3ed77dec8653ee488a9e45a4681dc974397e1fc96aec3c4f47b53c5cf2e1a78
SSD0733,07108a72ca13a4ca924d8bbce5b6e24a70540f16f998efe98f020f7a5ef52805
TBE0939,20f79ca47af4c95b6ce572078432b698611a1c86919c85717aeb1570ded544a0
SEH0738,aef73d79841d189a5c80bcf7c607714b12806059b73d87673b99b492d7dd234a
NSB0658,80a701ae1d493a330921801d01a08dd3a72f4c69289ee0afa334a65457be963d
KDB0660,e27bcb36a3f70b9491a0d6fb2936b469c9877766b1473bc2c7acab559872680a
FMR0062,2ea889bc554ee27fffad6f78c1e085ea88d9241eff6a3f78b5f74ccca1f2d61c
DSC0751,abbc33e6c78b4d8c64653f6be10ebb642a3ce92c4d8e0fba6377fd1f12e89ebf
BGW0394,65b23c743550cf58f8779b5810b51606014a02a78ca3ef5abe87d5d3810a6e58
AGH0396,8caa4e85b6a990495e5783be0ac3d893ba237e289b6f5cf72b777d139b2a1057
FAR0632,13a254f89e81b66baf011dab25400c0047e5ea0844b433600acf9aaa67db3f57
CJS0906,473fa7befd35f3f7d7db4857aef32f699400fa2992ec8a76dd5aae2f46799f46
DNM0886,883ca18f07683337a136b5943dad0d80572b978cada5a6d21421e82f33485da5
HBM0350,933b017db5c7e2dc2fe6b526082ba65ef9bdd4c3df35b0168d69fcf0be298c41
HES0399,6791696ff629c74b97383fa37ca613e7a8989d6cff83c19ce7615f5febe49d45
NCY0887,8080589a1f76f628308cd09741735d2f936c1b8b767fcdab4cfd213cceae7413
WRC0885,21eeb99300b775317f67a45290a58392da3c6131c46fb05a868f4e4f4b05b598
TAC0118,37883a197f28626b6261a083ba547376f790dbfaf2c0166990d39f7a5eed0580
ROG0392,c310afe3c2b39767d7aae3fe7f7264f79496acb68d74fdb9128dd0c2ee9de92e
GPR0883,e45075e722b3194b5064be42d06a44c7188966057e2fb1589b58db4a691cb3d7
GAM0895,f82aebce3d11f3ce35373f43d80d3c877690ba962cb22e687bef203cc911d00c
BOR0893,0dc8c438b2d7c692e8a364f7c5d2bf4f20749743f7d791f948bdb10b2bebbd05
BVM0909,f1d3a1c7a28db18563f5252e9b23d2270bb775a7f0a6ff9e1cc9ac3aa8043826
CJG0899,129410e9e8910177fc1b7de47c66daca9cddd08b49e352a9384b1da79b00bf83
CPB0401,877486ae0093e8639db1ce68c71427f1c55a0222453249270ec0b56db2958b60
CSO0404,dbd06a567d90fd9a324d498e7d0d0e7fc3e339c6ef9a282987820b96c65d4c26
EBS0397,47e5d95957567e531583a13314664d1f3bec3ddc7daf2fe3c20596ee980ba400
ATM0889,84db88349a76406cdf04e2d3ac9f2444dce2b00b3d86fc2515a6d03a83d11ea4
KDW0910,4043888e0ff17befa21eb1484d1df47cda6bfd5ecaa72a0eae9d1ebecbdfbb94
SAB0907,3c1d849fb3873c16f9dc1c4b7bc2c32dbedc7fb20c91e981e744fe0e59767b91
AFP0901,74f987e65d3b7b3f74e5bab23a224a463b866ea198b98c5c1e1e2e7b57f2ad93
ARS0405,4d1ad70109ddd694e018648607f818dc197eb5004fbae4752c87acac81d885f4
LRK0890,6f78d915466f648ca21852fce04efd1d0f9f8379d978d46c899949dce0b56f04
MJB0905,51d6939e1f53583d87192d164df50dee01bd52051b1f42b082e4056cb1138303
RJB0395,4d52a23793c7134b3d7e11bc1c18301207580fe2ea29255a9e8f35f3d4f9f444
GBH0790,04048541a09e1f144859b073e236d4925773d07c87bc220a0d680dc8bf9cbbe9
IRB0398,482adf3e3c65a3e995eec99ffb53e366a134908ce335fa56760826506ea28e3f
LEG0894,b79958651441ad297cb1152c0efb4ad14a5fb353f53754f76d3ee1fa0420fa99
MAT0892,72368250ff10a416d0a92a2e1e27e381b8618a0e772752df2c76ab5b69abdd8f
STD0204,98e1c51348cb278b089ce78e18bd2e6763c0f61a29f0c5a6664771b4b5037e74
FOK0402,c482e4405f97767e2918c018c41f8a12a6cb42af83faa39d034e00014fac5e55
BWR0897,e87ce6af9e95a04cec7505e6547a9d3655f6ae7983381fc8dcd04c7eced5ed25
DWV0888,ae79ec485c7b364ca769c8295eb48399fc0a6653b35da59e0da21cb4ba4ca5d6
KHF0903,f5ceebf8022970cf821064d84f84027746ff587438d8b31e8ce3130122a08c7f
BJH0900,ecd96bd482fc9f73ac4891d9f10b0717142653c0b24e46d943555d1d0576c1cf
ATK0902,69f2ed5316dbab28cac9f287ce3bc4aa1b3f8e1978bcb6521aea4c91911d5987
EAC0881,f347b248a73e868767013c406c6d78cf0e20d5fd18dd669172e4788b88145de4
MJV0391,b5060026b408e7593d3f02c9940b253da232cf75ee7a19dbfb4be2b6cc22a158
SNG0400,d6457cfb034bf42c1b8f21fb9e8a3572dfa23b4d0a2ffbb7cec1abe8ad222459
SSS0393,59a2af327daa8ef00a296110ae43a1391a74cc2b353914a10437b827ce00c891
IOW0129,4d4e2a639e611a1630d57e1061441b3044a55a0239a8fd7cd198b1b7da71983e
SJM0205,7f68b246fda60dcc6f45877502932c1bcccbaf5aa8526466f98bde92f6ef818b
MSW0074,5dfd22d3bde5934889dffa9fc7a903eb19c273f28506368f54d0caeb847b66c5
JNL0898,8939267ab00a4afd06ba2ee69f16189a2f99fa668ce11cc3df01a8dec14f9081
IAM0908,f6edd03f166fd819b91801b954db5c3ae298c71747e5bc4c9795be72ddd1fe40
EYC0203,253d1204f61d1b803e9d47a0e0ace4d90a941996c28e2967ad37e2bc2093b0f8
IAJ0882,5c5d5dc940c254ddc07cf70549af26664de87ebe264fb576a762201538a990da
RBW0891,27854fe8c0cc9a54fb6b0d4929d3b29c4001c1b248f828c4796fc4669242b580
TLD0884,afdcdff7a89a9e93d020503767463e83d1fae54d7d2dd9bfd1d534b6a48e672b
NTC0266,73068972b6503273d3e603bc11ba60ee34ec64f2bd231d836afd7362bb8f695f
PDA0598,431951d7e5859cb3226ad3638204882f64cd0f38c487107ce056aab97264a6e7
LSW0496,371e7798a652a00444e39bf9994e4562e99e0baac9fbe8f8919ecb4ab8e7f217
XRM0479,2541f628f649f010b2c5b3d9f1d27267764c6c7c7f18349cc7187af47eea35ed
SSP0918,332b8f19ce5dd358d112b71bedf4a098ff3256a800d281ec8b977ba62891a448
JVH0928,97e0254cff566e3f2fca623f680db6945d5774d98b444917cc449a02c5f30b79
MJH0310,2a254059ac9836ef73105c0e3844edc9f6fdcf7344762d3a433beb9f40f2bfb6
JHF0505,de8f1499ad90f36dda18befc582b600606942b71448533cd06db404bf2ddc3e8
AJH0483,29795e7b83f98e08e2e45f75143eef7e9e2711bea10b1b877c584f1af345eb02
AKM0264,5c4c749c978fcfedab2bc43e48709f68c59e11594646c7e644dbd0fc401631d7
JTA0497,23b468feb5c9cbfd895757e8ca79991d489d7e18de08fe7bf7efc5ecd26d1c34
BTM0477,03a1588742786eccb4d32482e05adf1e9a859120c7e730e43bf6abf1dd3e70c4
ACM0091,8a9543bb0a22d47ff98e821cd47f7aa3ca08f100e81b5d59f83fe289ed1c7b6b
ASD0077,9994561a0c5112fdbcfac527941b47ca4634971e24b6d58ceca32227081c0e0a
BYH0314,dc13990eecf904d37362c30f5cdc8691f23e389835263b663047176ab7595d48
CBN0480,1e0b61d9b612deab2bd5bc9a3d9dbba70a20f28d744318755d3890ee4d539da3
MEH0927,d42e73b3e1d717a017728fbc0dcb0a1df0ee29d15412de4059ada25bd3837ec9
KQG0168,758d7f2ed63aa7e6a998d5033d2541512838545a7804e504870949accfd1bcf7
JLT0593,45a7f1aa38367faabc2e6ce46b8d6fb199f2778913745d104b69d914057a39d7
NMT0169,2523d8dcf167fd399713656120f88f01c1c21113c95041d1ea8d957135c5696e
CWS0153,da4c706c650d1c42ede3f02ad51ab7be434cb30bc58ec5c025f1048099741f04
BKF0481,8ac1756df67605f7c4b723be05b01fa9807f6791ee9221279d2e76c5c7398296
GDP0921,a3c6ec758d1dd6005b7beb45884be05e87aaf9ef9673da3d3afb545f1473091b
MSD0917,849828d3602d14c2dcec1f66d204dda11508591425a104ecf299e1ef7936890f
CCS0005,a408d377adb83787835c8fd632a411a61aedd0254dcb4d22314c17b7a8bb74c4
DDF0592,5d0946d4946541224a3d148fc4452b6e9f332001a24e5f0e70630c094ded9fc4
DJG0171,8f6291312bba5f8e7d1157f2cf8e1a15cea05923db7f8d645854aa38c2d6da33
EIM0919,3261c02bd912326ab7abbdf695636a63835842e99c70ff2a8278ee812aa9a4c5
PJA0502,759607a074dc11afa1f3f30bd56ceee3cfe12cd81951ffc7792a7ac1b4a7f608
PMP0579,3c0d636283e08fbe31e0565e26206972123f5ee3632b2c047050306f7b649ad3
RTA0585,771e5b43df7802d3d3ce34245b7d624eddf8bf1a31243b5be555eea300c77c06
VCG0488,a9e6476ce261f12b95f3eda12916e369595a45116628cfbf0970cb4061e844b9
IHH0595,84c535579f24350976894899472fa873dd9380699e90fa7fc57b0f0847f7ad6c
SWS0152,5fe55c4d425f3548ebc3ee92ab362c6781d536b69e8f64a4b0da8e8e9ac6ac57
NIF0591,d12fad354a60c8e2bdccb1c4b997ff0c180c62ae9549dd86405fc0ab562ddc62
GAM0486,7b705289f8f64bf7adfdd51107e0fc3195c5fd6439b92bc68dcb3abd14d3b512
DSR0490,a4b34393af66da7703876faaa864a1b3b218068d012674422cd8d783599f6b38
HMY0498,ad8a16f5db01c0d2f2a8cfc20aaecc4df171c02595198c7bb0c9f723df6db4ed
AWG0170,77027afc2e4fe145cf5b93a711991f6900e56e503eee597dde126a4892fa3e11
HFC0492,345d44e6d8f0655c753a8815ad7f3ba7123b88a9769c4c49d9ce8243e23d1562
QKM0504,905eb2cb6745e4ffb1b6b8762b25cd714b713649494ef61f639d560d31e3da13
TIF0319,762fdc54684db11a22568227e1481188f594edb210f0ed8735a099cfc885e9b5
TOM0494,823b36840831986da6dd6f1d997a0ec9dc66e57cf96255caa385a386115a8a18
YVD0093,560ab0f3f9728ad5cf079f44bc202f81872552127560ecd372c4d21e35c22e82
TAR0173,987c69b445f3410bc18c8776d58b958dcec5882a4d34b0f8d3ef26cdefdc5030
RMB0312,2156a4bf4972c92d1bfe31fa9f64a13bea5e654fbc5aa087feda9c09b1563d96
GKD0574,2f2493f23f44906e021ed548b3377ff7087ca6f11f659a37c56203320f13fc28
NUJ0597,f02ca664ac04e79b0be5dcac0d3d011bf71143554e4a6bf77d6531ecbfb7171e
BUL0575,149ee6fa00161d29e8dfd787aed9c167d36a69c1f685a23388bc0d079cdf3b3d
BKO0594,77c449a7e9244a1c9c492dc31a4b7cea88422cf162a841ccb1756e09e4cc8291
ALK0315,289f9dc366f4dcafd07fab2a0fd886927dca45eef3677d261a0714f7093f395d
AIH0090,9c60b02e63783880fcb08fdca03d9022a0a3eb90a4f65cefbbd20a8ac431fcb1
CCE0322,54675669b1e1c50ef0a34138bb02830781d50279a17b3408d95ba32a6f9c3430
KJH0166,150f618d88c8189ceb5592386ea39cfca8af7a2b39e4bf8b7035606c86533c98
AKH0924,e821ea2e878c7d16b14323e6fc5b084cbae5ba638b7fb1519e84db1ee3c0fd35
HRY0317,a8d5133dedf101f5acb503df130ba86d2a5bd086f762b6ed9f1bb1dc869d6725
MLU0911,b72edd98e5641246485421518248a81ed3b3d10e4c08c595c15d3a768a8b9750
NHM0265,3a33395c194cfaba9b20a3b320b8dd0dbb118dfe83c1083f95a139963d2057c6
PHD0571,1f7ef6837bfd8323e37a309243bd19b6929d13070d153c2435a5a444f8f81c71
SSH0922,97f82c3246b63b03c194e133f8f6590173c7349af951fcf9b50f25a220a008e9
JGB0499,2daf2be201cf03f7409b0dfde93ca4f1afd8b36643e4bc339a37cde11e56710e
WFB0489,909c381bc9f3bf98ef62cd12c9addc9f1d243ad192048b4bc06e5de86164caa0
NWS0015,6815d3db661a8194e916c47ac0db2965a775932b6d17b593f637a85de8ab062f
FPN0308,19b61c50cc4b8e25a1a07654a13fcd28a76aeb84e0be6032add68fae71fa284b
BGD0030,daa232565123e699e35274d6dd1105b3f4988b7e98337740ef5597aef15c612f
ETS0476,d968210b4350a788d475075ef0625c7927b61da322570a6e6344871754e91b00
BCF0309,1bb0a8c07f557a2730affd65d66c4a92df945b1ae37a583b1be8ab776ea72c24
CAB0538,f1621ff68a5757c5446c727777cf91212791d5d7f72a566e7692a4bb86ebfb84
JAC0321,e38de2b9a88689e8ff8fd3a8e9d93797df9dcc4d9a3f1b5a28a5d74ad94590ac
KVD0311,bceb6f0cee9f4d44b6d15355fa0c63696b535c9926a5e5a592d221e4efbd8342
TCS0325,4f7cfc2565be86070c8275c5a658c4c427f006d2e1f43e92c5b4cf898027b161
VJO0580,2d0192a694407a0916f339fcb08aab3dd2f29eefd1119cd790561a06ea56105a
SNS0599,f4762fdca9fc921348e46147a046ccbe6c9c06adac9f58f3feaf1cbf43bcb568
RMK0327,1ba9f7fba2abdcf4cb00d00c21a85b379731143f24e8c0d03fe733b5f7ffd3f6
OMM0493,a17a0231ee478054bce14ca0614879f6d1cec941f443cca4cfa1dacf023bd34d
OHW0590,c1a10b1c0292d0275ad7828688c22c6927a9f68ee323ce0e67a398422c0feef2
KNW0500,b2d40ff13ea7da6f3f20288d5963e3ffbadc4dc2bebaf9bdf9b27111af36bf91
HAB0094,995ea11c663baff985dfb10440743ab396d251525006601ed20358a5052833f8
DTD0154,6d59ef877c619ad7efcc3a298408ab6e08671085ec370350ade78205609cf012
BTP0147,871e3f856e3f56909eb4a55faf691b186b2ddded8323408bd67954ea11c7d5f6
EMB0176,1acf4445bebef129621225a9b59de6efbd46135d2f61d2da23ef654e065e301e
JDH0115,385b73b903d324c3e2ffc1dc8f0e164c279a2cc7ecb8b7a24d4d581947c761d2
PCB0167,06be3301cae93db89b3fa56b7c1c6c962efd3c5cddf6bfd77a517135142724c2
UKW0920,a148158f2b2969efbbe96be70d6987500f032b7889e5761cc804c28e917bf7dd
VPS0324,da46d45270ccc0c1812b6654929cdded938fc05c6ce68e46f87078ebaff0153a
SSB0926,8ef13fc2c5b01e60402bd5ab6515b92d4596bd6eb942ef70d4a751a57341f26f
OWS0582,f3fad645d98e37cdc1393b66c0b8e05e10991451fe5e26ac40670e5184dafd09
RTM0485,8ae88a73b1f01ddb8b1ef162488e5a4baad2ebe6835258cf06cf788b7e1dba4c
IDM0916,27abdede20c091172530bd44f5306eb4a8a0646ed212a23d508130fd736197bb
DSM0263,d7072f2e5c4227228e90720f9eaf0be50b000aa74d102ef9d097b499ebc6a119
OES0588,dd26c0df0f4e523aa3463e70bf8dd72cc28b8239f684803b0144b6e1e8d05bc3
GHG0576,968498fcafcbca862247a4b29586fd31a16c5154e747a11d793fb1a90f23e106
IBC0320,b38697fdc411bdf691d0aac23b2185947bd1c94e867906baf877a9d7190da6bc
KEW0174,417d05fee1cda2ac208ee99af92708ad856d7042418118869f2807eaee2f8cf8
KVV0581,e9a37c77c3509a8dd69a61b248c37843ead9450440124c86b8e8b106193d2712
SPH0487,95e49332fefeecd666f86a5986f079cb023e86ae95e574b1f2513e993b42f2ca
SKM0491,a03055d039be8aeb1c5137f8d22c15bd064150e7e4ae186fb1fa30f058a72530
SJH0583,d19c6b2fd5e4e8649674421c586694fb41712749a0f5a82c22c621c7684e46e2
RLB0577,61b43f9d685d76c21b7c898fad3b7bec89a05e291817a1eca0bd86d977369b7c
MRH0484,7b9b0928cf2dc61364420853128785a6816739706e92db4cf58501d2423bede5
LSH0478,ef2fa5f911c23b276f1cb4384ae4646d1d3a587e37bb57d8811f7042fd130ce4
LGF0501,0c5afbbd7ded15a38057afc79cd3d2a41cbedd5a73c2f556328e74f5f1292351
ELI0316,f2a8a99cb96ab5468f844d3b379fd6d2737a695845055f9855c9d4ea450e52d1
EDS0923,46681a3dd1a041ae74cca8619150ccd4bec3a7e6093cb61b2875176f738d917a
CMW0482,1eb2b9c3717af4a133a4868326fb7f3e19973330cc12cd96cc026d6e1a531c5d
AKM0495,46125e45e0b00cd0973abf9208e05d23d5cb3bcf3134eee30726df3176d761f3
JRB0584,cc9075db1457f4d36229e259765c40af1317dcbe906076a839688f3d083c9755
LIC0092,f6d8a34c4deab218225fdd04fceb373e9d4999c9012a942007fccd90a9fe4f30
YPB0925,88e542785b357dd8d1c2730dea17a6028c0376930578774a6c03ae67abfa5745
WRM0233,55724cb27ad23ecf6250e3422791c84aaefbbecc9c5858bf779117cf1b5cd996
TJI0587,f21ff7cfce793d6baadb1c6d7b096d85eef60fa42a89b51c2d466e51c68fdb96
PKM0914,cdf9e7611843188bff93b71f049e24f38910d911b5299f0da88744394f662a93
NKG0573,c975d5bef92043701b95ca9a5a46f55ae5089deb46b0e0465075b89c5d79c861
LRP0572,b9185264c3fd8da130be11488352a00159462bb33205085a14a5a7e2983b9578
LCK0793,ab2fda1e9dd5bc233883e4904ee19723aefd6025fc84c84533601dd41eac8a7a
TRB0663,5a4390c84f10320b82f5a7faa035f5d9f9b37fbe3136668d83e37fca29354278
HWW0175,fc2cfc56d00cc060665a4329b4c5c2b9bcf35b5f929740e4e703717b2500e73a
ACB0578,cd03102121b196552d9a04b11b660d1fa2c423061064621a608feb3150e3942c
KES0127,371c28440cd4bd45ef479b6ca08a62edf22d1bf4b168b4877c0d4df43e7c42db
CCZ0801,f8a072a3021fd0659bf2f2a4006bdb80847555c7b56afa88a319b41705a878e4
DJL0172,c31b619841dbac01b50d001f983f39be2d6a801f8f2c9822ae846796d897492e
AHM0795,19e8465b83f7bd4d2defac2529f0a226356e0f834489dcf72d2d5b7fea91bd5e
EMA0586,cb3c87e9d23e397ba8acf11eeffcdeb406d6779d8e9101e498f64ff96fe3561a
HGM0226,b8cbc8d43eff4b010afbe41a9c92ee62acf0a0d7cb69f2b0333f725a484d8371
HSD0354,9c29d8a5a65a8a75007b2f0844d1cfee5ee6fd5bce61d418b89a88bbeab402ac
DRC0915,ccf7b957840f74e0e3fe1920e61d24ac68ecfe68734f536f512705b41b0c952a
NHM0858,bd604fc04bc2a6ddefa5e64dd268fe0343a86139d9285d0dc4f02701c919847f
WQB0722,c67b06bb30f6d3476831c81cbde4e63f568286f50cdd729350a16585af03c60e
WLB0353,0e464eda8778c93c2e1842c5920204afce4ff596cfb779a2c4b6b66b981907b0
TRA0870,2ef1f75ac24a4a412798af18e4daf916d76bc2eb335ad46db9da1c925029944f
TDP0059,af5612abcb44d1d04fc93abe7e542490e32030b4d88d592effef49dd56ee3d24
PDF0857,15fe96491a10cf024b9f794fb5ed36e59f398f793601a25fbea6d21d8d387ddc
NSP0461,f768b2b0136de0b7cdd5304b0684acd656fd0356cf7cb1e2576788af1b249bec
NCT0467,c266a0b8af2089a3e915425dd8c863d0b721a6f2de37a3e4460d6ce9af60daff
HKH0707,199c9fee1e0f48461340ac0d5e54d16f36ad91c836b3b445a5dbff17dba0843f
KLN0861,08426e04456553d6129d469d1be7116d2eead631b29d5aa9f9de20e6e71e1c11
HDG0381,7f031cf1094af051061596559f70dfedd35e718adbc4119c920989cdd45d3f2f
GCH0698,8c245c20a752508dc264de3dcfc13e71312759c262f9f977c24fe4ca6ddec623
BTM0865,8f24207371c81012e9dd69e49d2d56d15365b12f9159be4997c03c1a52a5060a
LKF0851,5f83978f6b246e4213c3f9b75e8f4ac8e850f524f70eb0303eb506ebed01f5d7
RRF0873,b870866b95ab40ddb3e1b3e9e237b1aeb1ae9dfa98d5457efd8f87c5abc49821
VNR0721,23d37f1724cce622e1ae695d3e890608c352748729418f5a1d8960f8b5778657
TAB0797,39234276a9c7504fecc03de69a277989bff49592c110df2a9685c83305a4f4d6
SBC0231,dc4e442a13fa688bb441e73f65e54ea0943afaddd47f88b5fbe90f53087ef335
MHM0468,aabbe68d7d27bcd7a86efb167e3151f034e457c34bdbd46d8ea9d4bc401a2a71
HNS0376,6cd794d260feb330807b26e861087ad8154e5278bedf782948cc3f45c201d722
GCC0380,f24fcc0345911d7bbafa2847914faa79ecf33932a8419d5df9e9576390f729b6
FRG0349,ad9bb13a03b93e2fefef08deb16561d55405ff96825f6bf993fcf6969d60ebfe
CAL0469,403e95479f4e9959d41dee4f7ed03aa505fd39f035f9929590f0fc772bc7e5b8
ACW0382,97858677de7b351911f5f8851e75139aebc87a531042343a98b14dfd05a3e614
ACB0864,d024e912ab8d047da1651b8da079aad8bb6944a180bad1a81bc05d26b8561f8e
SJB0708,b17c53a93c9b3f0c0d1b9d1b96a0476608d80ce653f65d133e7f6321cfea6003
SPL0791,5b9279a52c2d176449ebdcad5f0e7cb9235e65ed634e90f5c98a074ea604864e
NQM0447,f1ba6402132b440ed9cc96457fa51dbb429b0ba417c59ab62a5844bc70987d63
HHB1000,14fba2abe207073831247f61cd62ee5eea34c7ae938affea3bed7651e61deafe
PAC0701,584b9dd631e2736cab7d13f0fe416ec4e4226e2071eda7b44abef2fb600e5e2c
CLB0875,ad494059fddd5b8240055a2609cf4a2ef8dd88e45fddb650d2eeed110a713f0d
CJA0710,084b2548721e5578be143703c45220c3cddd45ff7125ae939a499c8757f44f32
AMH0388,bdab07582490ac40191d82c2fb91b9d882c9678f768e54e97df080f9877550c5
ABD0879,a7fb2c587b918105c1074c30d6bdbd75a6226ffe4670c90112a106ecf6b5bbad
ECW0454,bbcb5d551bbb85bfa14ee77d6dc8089c31ca9b9c9d6949e6adf7710827be5d85
ACS0705,01d91f55b3134bc7705db66f580883a25da2f79d81640b606d7dc7809789d5ae
DLB0852,76481ef2ee9ed19961b349759876f51ffcb7830f5a13d571dffa3b5b2d70a2a5
JSM0860,2edc025d2da476444ceea6ca24fb5cc8d61a2def18ac9a392acbce39cc771a05
LAH0228,0a93f03f7d500c81117cf772ebf9c1695205f5e8a9cca76af14e0bfd5a9c90c3
LVN0232,36f05f9b137216a680cea35745662e498046c99c3b6772dc8bb240408b792944
RSB0876,8814ae4755eaa2d43c221066340ae816628c87dc6dc0dbeeac8beaea1788ea53
SMS0457,9e25e0252a0328f3e8e681f973b17ceb27df1371cde7b171118abb8c211c3544
TFF0446,dbaf9c43a73a214519921170e1caea78658fe4738830270b5890a91717f3780b
SGH0786,0af239fc66fb32b7b48452b5417cd00422886032373ec13113c9bedca58aafe4
WDB0872,6b06b0640f03b0417c50318a0456bdac06e2f8d0601b83d056cad93b17be345c
MKV0723,7614c890e5ccf979da51b74db7d551d33258f827b13368f6c5e078300229aac5
APM0794,7c66451aa66e6d473e8e2832b97f6b9e26eff9fd9b2437d1f3fe09b0f33266b7
JCH0385,fd0599690465d887979b16915efa3ede4b9f58b2debddbadb97ac844df46bba8
MHR0057,ccd63df562cf589d28d2c4a3e805b370267500aae22f5f548c45cdb0de98bbc7
HHA0699,adffab7ed82a047372ba63e485ce14b6757368b126da326999d1974c76ca4420
DAC0128,87e4b5f7c35bc7d0b6725095adb545d5d3dc198625943f496c3c9e968cfacfc3
FSD0453,692dc39ade56f095fa297c6b278b34e2cf6558e2f29e52370ff678c9af0127e8
GBG0862,eceb428a3ff52b87040b197b6f00bc67014792a347b02529c0a603919828f39d
HCH0384,77511622a4323eed6a46e2085e998e0fdcd6617c4f19c6db8f28088233a3db97
HKD0863,72c5b19d02d2e759dd8448236d2ddbc1ccdb7c95cfd28a14e551c8a3b95eede8
KSS0799,63fd24dab7ec05114e162b414aa72e01104ce6a4b39eae98dbe2b3df1cf3a6f3
PNF0714,669693bc390fcc623fd1762219d4471f2972dfb6bad4bff5515e24b46fb469bf
TXN0792,2c046ff995c9ab95ebae04bddbc64f5034373bc9d207873adaa9c2dfc821cf10
VCH0712,069d9ebee7d9c15c50c8573cb05ee62b07f095f49a3c8afa320fbbf2b936cbb6
DJC0796,7422da82e9b594841a0e3940ec1ad06462708ec0b7a27604f2f3957b5661a309
UMB0471,ad2c5b699c1f91fa7e0ec54059c53d1ea2a52e70c391fd62fabee7aaff793d70
SHP0700,9bebca1a04629bdf9bde88c4610f3702eee799e2689977c435c744ef5e91cfa9
LXT0804,326961540281063a4d7757caf1d7eeee37f1235eeda535f6da614a577b5f2e6c
JSC0123,1c393cfeb05e77c515512c2dc166a0594f857f30d97d7b01b32bb920fa424656
CAO0060,a5df8a7666da49a939a6650886c333c16d8504c496fff69e36c5b93eda76d50c
IRG0470,51c0f8f29c6e91de5aa8f67d329ae7bf6d4af9d2f26b64eb5a0bb8ef24a53466
CKH0125,3921148f5f65d4c4164e8c0b241f5846e2eb5d3a3298e106ef9e8c08e5f36f9d
JLS0802,5f7eb0314347213f0089d426439833255bf1fe21536772760928e73bca3e8a8d
MNC0874,1be4ba19297aa291e4d026fb6895785a8624975adec4b7936510a0ff603d2c8e
OSH0878,ac4379518e7c4d95bb90ea876f400805b413e996b37b4db08658b3b4b2ccbc0e
OMM0877,801bcb1ee27acf46a030ea4d5042f9b4bd048d1ceb0a9c892f96c6987f7a65b1
SLD0868,475897c92f77532e08cdd22ce85a6a446daed3d592a1c99d844d801592c4a8cb
LHC0859,4e93fe75bd1664f41dfd6cc97646f27511d2862c0dae624b76f106cd9c38f2ef
CIH0704,1d5170d83dc490e59cf4b6931d0ff297bb1b457b68ef4e5ad5af6d5b4e0f9138
BFN0452,0033828af037921c2e1fbdfe173e788d34c72a2a3238ad3847c6c7b24c865a63
EIF0451,0bb9e176426efba64a10feaae799164efd7be9ae6d72d4cf1b39a529af564e27
RLV0997,d432d030e56efa0e8fc82cb82c2c185df660f9f280a2b51029517fc6925a0836
QLA0719,52a3257d0d78d6b214c69208aab63bf5dc8890dac23caf94b4794927a2dade7a
LBG0803,e388889712b4669aac7ec76c98233ce146d249991648b60e01b143098dfb0af3
NJH0386,1fe5f13f541af3d6eb9a71b749422f9a0d8f2e9510b9c8d5397ed39aae43f85d
HGG0458,eb65a4b97f23f5fad5fd995d60abd4a17d157d128eca70b2efe314e9a1f1d026
CEC0448,d774cb0578a607a70256f3172ac2b6f5a6ef20cfcae43ce76fceff521e54dfc5
AAH0706,ae7b1041bce70d31c4c1cfc71b3c7399c88ec0f4e9c40259575632de786a79f6
JKB0029,73768bd29f9f38ec7ed00a34a5ea1686d9cbeb1d61a4a47dd3ce7d317ea2a3b7
RAC0724,e6640efafbe3065b5b5e3ad2ba057ac9e5971faf9e477de2929366cc7aa8860d
TIJ0389,70d9e090f16cfe0a07b8c60bda971404c4172f1c6b2457473882d22322bb961e
UUT0880,0d43d91476ba2591b3b9ab395af9e0db9f3fddf59c36a6ff859a3c384b75d038
RSS0124,bd52cabf60463d6ec7f58398ad806a0c443502266e9b67081601fa18da260d5c
MYD0383,80ca884f3c481abd964d96a985ba297116b624cee74af93774f5db8e852fb61d
BIS0856,db3d51973b9afb5f67f760aa3de32a868d6b60aee367fbb7d7e8c77f6c77313c
JLP0053,b2a0b07fab80c5dcc8b416d4c2302e89c1fb20826d8112e9a39f4df3177c707d
ERG0014,97ebe525df0f962c863487540c5934acd306f321ba964006c08e47d870e3937a
CSD0234,428b2afbf3f76b4dfc0f6504254e9537ad5a37fbe4fbbaf473f486e5558de077
ASF0450,781e0ab99e2d2eecca87ea1e124626697191a9a7a5537a104eca4a6ae245a2c6
KDH0466,36f9397f798eba8b10199b86d4cc894f59a980eaf422954a41872fe6a485f4bb
IAF0998,69c89ce9edb2dbe340dc8e36e0f57311d010e5027d3b7560e7e6268933267acd
OES0867,17fd2fa409d23a9d65812bd91f5ce18b949f76518e1c4451d4bb8829aac95222
KWM0696,34c4b6ea34bf5c0f12429358ea54457e15ecb5ef6c505e78ec4e208234c36233
GLY0989,99d9fe2e719b012c65eccf4ecb7fbd436232d242db04bb479c275105606a3805
XAM0725,c35832d52001eb94cf44feb48f3414d7867c4051b54807ebf80b187d1e38cd8b
CBJ0720,2032c489768ff395b34be05f020590b81c9389cc6535172e813e596c574622a8
CAS0715,68dc545d8cb8c49dd808120fe36ba14761525b04be1fffa9233fd3e8fa3af6f1
BLG0869,e34ad6add91af7071d1843e2a97acd7a8959fc048e05812ae2ae8a9ba8327a4f
AIB0988,b56f956255b6cac5ae85035512e43087ec992cc57c2708fb15deb37b068a4290
FCG0716,45f7d646991f412d69bf38c6b41787c942742b1567b95580a80b7563e15f00a6
WGB0871,e5bf46d6d2741cf52b65932366fdf3214ebbc0153e033e7d58296c3d6baabd1c
PJP0718,298479f37aef541d9d1344b10232c9277c8ccbe51896ea3fcf85741954c143b5
LOC0377,d91569dbdecfe4f076554e8fc3bff80e6e3c927aa48b370945a46e0f63a4e0d7
KSF0379,ab75b5413bc8c09594468e2c2311ea4b943807720e037282fd85bf2e36ca8e48
KCP0465,ad528fd3fa25e067ecb34a21294522f6dca7b84ac3639a8fd1acf9365ad5e253
ERI0855,ea660952a6a9204c4c9081fc9df731fffb2e1c8e6a62fedb3ddc0e125c7775b5
BZS0711,82f1e891c3f8387fedb77562b0cb56e3caabdbab72916c65996f967c13bccd2e
ACG0789,90ebf5b6dea2f66ce18d578a9ff3f0b892e1455d4ada8e464e626afe3f53de7c
RRP0117,8500f9ee6d48b59e202461771b5022ecfc0b75e7210ca41bd2c0ab384f234add
RFW0999,61b56cf3412ade5c9d489d731ab43975f228c05a553daf8296b356fbe0d027de
RCH0459,4706da4316b237d7b36c0d120281afd29496f5b60d0a03bfc1568016b9aa860a
RAP0229,8d256d13ab62c8d9a8633a2ee632fe3aebba20196cd5280fa4c91f50e7975805
DBF0378,80f0c97ebbb104c74ddb7cc69420103624e15e7c77c32cf856bfef47ef441aaf
KYB0460,228c864d33b6e30f755e54fc87e76e88df32b192ab87c59109679045ed8125ff
KXH0473,7257fa34ea101e07304d0d067c23d78c4a354c373acf60942659a44696f37d41
EBF0805,4a8de0c64d4c71271ea3ef181ac9ae873bb6bca1d37469902f117d8eff9adec6
LDP0854,26fcada0c173a1019b3c4446fdc43665b6f31936838fe6381b4686a0c3009148
QRB0456,f4e15a3f6fdf4b157025b354f264b5d71db228841ed28a6749a1e6d692e0a9a3
VEM0464,985935607b85ce8fe9d58e9665e53e87e3c4d7e0f33e32cec36a86bdf68d362c
USS0126,3b636b72f89fc773256c51170f022c6ff2c5c3f90a578fa5aba31385bbd94b29
TBS0474,7a3488e54047372857c24dc27305d1a78f62bb17e0f21778da4aaea4fad4ed9d
SDF0227,e05a744188828c54d4b50fb84bd57fe73ff19cb2df3f77db8032786c7ac66042
QBP0058,d21c8e06f98c038738fb2a8eee2f870ae976bb304592df314d917c0a354f9734
RLC0455,a7a4301e3465cca50da3ee9c16197e079770850059d8a6bf0179fb44bec79341
GIB0230,3fc25af6a8c3416a9964b2851023d7de8e13e6c1676f1183e5ebb2c61ac8a2eb
CNC0235,3316b1c13560d8934c2412e242bbdca65a8932749af0e794dac5f2e0f26228ec
CLM0462,ae800cd47839312350c131200f31f871d99f63df68e0a1b2456c1207d652a104
CLL0475,fa209a3da13466b45068a16277041128b4cc4b540b535767e17d461baf175caf
AEH0387,9032d4d54aa89dd9ccd5c9e60ce947a9bb7c7c312a31ca3aba92152e880b7751
HBC0713,c54066e1632803e5241ff9e831e5656f41dd67e25c003a883419bc5d981ec6e7
KNG0390,fff7a5d34bc255a12f475e2fe9cf2c2d493c739030f50cb4c820a0aef0c55dd5
LAC0178,c3ec45f912006dd72f32c25ca2058a2c52cd29950c55ce1317292da4e8d7a573
LKD0080,439ecee8c8ab490439a5a281eaca621fd6a7d0df3f9ecfd08499053eef57eb0c
OSA0109,5cbf9571388d58fa68727f79b5bd89bc21761dd62e19af5796c09903f7459ee7
TJN0800,1b1a5d6b7b55c5b71d76ed40032157b5a180ff1ecdd6a9685e702d5feb233d53
VHS0426,5f4c7c405bb15ebee8c396115b176ca47270c12c1d5bde19abbbd0a0b54b33f8
YBP0252,b9324e7bc6d9b937819c702429ad2ae4d8579c50ee61706d4aa05bafa2e1444d
OPP0624,be2a99a5253594c33fe8ee4b1ff8d0f7954c7ddb28a1aaa371fe64719f776017
FNH0249,51a279450406d056118942e1089c5a027b166746a5444c132ce192e759d8f3b7
DQH0709,89a885b884aca61f12a5c6c95de42050492e67d8408b3a0012100ec5ec5a1338
DNB0028,a6399fe1cfb8311965366b16379a8b5f7cae2eb6d55263db390473490e1443ac
CPC0679,4f433e53970c478d73c5b75a20e35656ec7eebd17bc46fa853ee43fca5dd433b
CMH0996,d94638877c86601d8cba5bdb0bec349ffca5860593938b9ee9efee2cf58566f6
BCL0002,b5d7630d4dbced46b84da4492f78f8589044228bbe41b3576d32a6f96f7dd5ad
BBW0463,0d4e9de607e76f6f5f635b35165d4ac14bebdd19f2529eed825cee2407b58e91
BAG0449,1eeb1923f469be2841a8d396e70ea1d71e33e0fd8f256cf4e594aceab732a0e3
AYG0410,2c5e0e461a044614503970ffe1399f3c3b896fc00c1fd9dd0b120582f897d92a
AFB0798,e25e9a8ed36ed06d91b8fc1406ff7f7bf5f34e7c1917fbf7dd6a25d520ad69b6
EKM0667,8aab8c960b112dbd0d6739b94e9f9b361e471c43c54153be9bce082d2b36c6ec
MSC0670,6762b4f6cab1ca2f3eb2a186e0ed46a60a775904429339dcd083c53e7cb8100d
SHE0416,f0fec6fb8e4a4a7ff20339c8d9cb5671c09f6934a03a312516f5a71546ac7107
XAD0994,db3f584a2f354fbaf9cfc60165ad1045a915598cf4e947776f5576be1e073f03
JLP0975,0a8c45143ff645e16fafb73d84c6e5078bfaadfb378c132a8643d8c394f9a5ad
DCR0089,bd648767ea1107115a0936cc3beff1001a6b41a7b10801e79b1fa618c7a2f009
CAJ0283,d6eac858af43fce9fab4a92083e05e417c98424924e74d5b4e799024d972f177
JXF0248,38927935d5a545b9cf72723d449b5dbc178b62e679d5982bbd8510cf88b16269
WBF0437,73b5ed38fbddbfbffe3cd35bc400b0798016a993d6ba1748095d3b437599185c
VUS0345,17f993ec61e736b82f1270305c17b9370458181003af839f22e2dae4fb03a604
SKP0255,2c271ec3311fbc1e8c1854c9903de4f6ad248521b7cbe7ddf1d748d9c93a52fe
SDH0026,b1b1a63eb3468a020b06e9fc49351a3005360dcc6e311fc611c6beabb67400eb
REW0551,a9b3a15468b0b72a7eedace23ccb39afe359818b7b69f9139eda4a361d665955
QCM0083,34a8931cecb4282693379c5bddc113a804bc0ff1aa070c4c219e12ec3e060af7
LUF0441,bd6f4d52d67f12435b989d2718bcc9f5ce2f7f7469701b6027e8fab13d9ac5b7
KCS0607,04664cd36d487c517ed2ad4836274e510b3a3beb476e07a8fba198ce994b6c83
SMK0625,db57887d71d24eb71cf4d613acacabc8455e4afc4325bd1573caf8c0331cea8a
GPB0340,94b4e98ce0afa0a9b6a766f792885c51f6d66587daa744868f4075440be67896
FOB0284,2299c46d89ecf1dfefafe3ebc29cd896edc933d675f273b3ab9fe185f35ee15a
DWB0236,8a9bce12593a3f29a34557355cc5a1e6341c4c4b5d7072886048f339641fbabb
DTD0184,6752920bf2e54f2871d98a05c51958154a9541f0eef47de9de49daae95fd23f7
DOO0112,37d72af91be083df4ddef7df84f9fa67205b2ceed5e2c74814fd7eed4731df07
DDW0976,3a5d6554a9f5d3828d9d13e55e0e8d0305a8741dcf609931caa9deb7517b61eb
CKH0187,7c35b658cbeb100b007311deeebe970b38ff27049a9b19d7c6eb24f04bdc6670
CGO0668,109446f60af39d4a134ea014a0c48322eebd8b3561d99e9f4f5a810aa38e8f2b
HAK0418,336ffe925b66520d8c30c0f32488dc52c88809b6f558c2fb8808681519d97f5c
XFS0247,3e556fe8fc8e1024f73108e4d809ad7d4a8cf07e5b3d596de3b6b9cecec22df0
MHY0347,b2e8e9f691cf161b7460d9da8321a54f5f2a86957c5ad9a2c38f5af2643eb698
MBC0019,22a31e2f3f50f163f833af180e103ea927d405a6bd7cd70250feda9fa0eb4398
HHB0105,e2498a8c72805014b991736945e2c39daa581663f556292b78f5b9aadf1105f1
CMH0673,3c96015dde457834f02dc340ca32c7cf838a991a48cf317d364279f2be12ef7e
CAN0629,a087139bf6ae2adff01c55cbbd04f4d237fa892b87976da5f727050a42434daf
CAF0622,2299a190353f187098fc945a0b8f6c1d93619eaf26e0955e3956f8edcdf70a18
CTS0085,882fb497d1b9c29117198ebf41ab8e43db5ae2fd9c144939f9878ca4fc8bce24
LJF0620,e55cf8eba3321f65f041469049d09b7f0434168d96d74369555bc47a46581099
SIP0543,d75b9bd69c49a06612e7c8a808aa2394390e3ada45fe01fccbd99aaa7c769267
OAW0259,c2130ec8a9722b3e8a59aed934d74ace3e17e96bf722e24f4e60b69a57e55a15
NVK0088,ec5f4af054f0445c1fbf7f54f6afd6ad7c8c06c6046f71d323e7dfa8ac68023a
MRT0285,0828dd65d2a0f2777a57f47e7e36b8d7f542d90dfd24c1140052232e11d59499
TKG0539,8045c476cc6a76f9d8b9ad47c33b37e798035ebb9d72e86e95650bcf3ae2787d
MJM0553,23e0431850868efdb4bcf06092dc5971feb8020250210fcad014eafb62bd7f44
MDO0081,1420c7819c0413d6e0ea743364277bdcb35f5aa78f60ffcefac43aa9e3240a70
LMP0113,df3bfb9c9bd0ea7864de1bdb3f106d1e3e2935b1cb2578f76793c0af7c425001
BGD0554,9210e255d85e0470beea9434426629872fb5cbe2b5a845eac95248b74d284056
JWP0240,4520f1c1d1e71a1f27f6ba5fee1e64539ae75ac24242497fe14cff898f47bd73
JBA0421,f84caca28b62e623cdfaa85ca2c550935bb475d5214badbd03937ae75c8c38ca
HFR0434,8513f80ebda72907f73434f7d5b6746e7aa72d04dc05bb75b1b6e02ae7c157d9
EVC0546,c256d78cf87a09f810e8aea46c401a1d4fb78233595964b8c9e7d9cdf522c4e8
CCM0069,05a76e1eaf6dfd04787578ea17459ff1a3e480a74376f8ae9e4888ba28dc2c67
BCE0425,422a42470e498e4243ffffe18b7c3816eb2dac0ddeb8877e51c39119db09b903
BCC0335,1d2d7138c8db9f0c550daddcf0c7a0a15bf6760e5410a48ec6f8fefbb9acc8bb
ALG0082,e1fcb671926ed790ee1d9cfb881deeaf958a134511ed44060097529e8d5304b3
ABB0427,5a846e5d7017380f6aee5299d97916fbeb7ee1ad4fcb22e9751391b125019c42
JXC0672,24845b95480c5e2ead1bc3fcaff322e0a4db96b5690ff9fc8d9f3e968a6ea05f
UHJ0555,3fa5b042a8f387a328f6fd9163b380b776656121663175ed12ee8a609bd6a72b
RCF0671,bf9a61827edbe0152a723e3f21ab7ef8ceab74c9fbc47fb669fcb800e6b50385
KAB0337,48818a5ebdaddd446c35841c9e22e07732c8813806d06303a1d36cfdfa3d14e5
JLR0351,283113d9defa3c2f74ed71ddbdc6a1aece57bc7420bd43b50141dedfe77ada43
JCT0334,0e91ce35347371b2921cef79efa9e5bde8255510158279734406f7124420a35f
BRR0245,d57c9af14b8a5f325f82b0d8e3398bab87940a64454c13bee3a28589852a8b73
BCA0609,ed8a6733c36dc58be7b6dbd923553994f54474fc2fb6c096725cb041ab10092e
AEH0281,3681c6bd51313951980211ba26dbbdd0139293006872970d2e6546410b64014b
CCH0439,3b5f1419f2e411b0d282eba4d567d3384fc1da98ac802deda334e62afb01cfba
OMM0111,f8c03a8bf3938a7d4e793c33d693eec43ebc459eaf6210a72cce74701566b0b9
WMH0615,202cfa3eb3caa69ceefdd7736c1b326d96ec1ac2295b11f17dbd9c925fe23dd3
TDS0246,47229eb05182301280cdb6378113e0b0526fb610bb8138d1d42f210a50d3f327
SBS0338,29ff6452c77b88e2d1aa3ca6930bb9f417320a47a3366f2f943e70dbf3c43179
SAM0079,2019708508810742a2da5a4bc80ab90c2528b6836f3855f0fdbad90332e5aef2
RQL0076,43bf534b5db970f13b5e86b2fc1f34371a1cdd688d689147ecb650f347923dbd
ROM0120,a71e6fd72ef1e9b87ec4d646b6619b13b9bdb1ea2dcf0cbcb706dbf2f94c2649
NGB0429,611e57e95ae582bc22ad7b7a1e704180527af83510475d6aba3312a4bf941e01
KSP0110,658639d0a52d153dfb7d57f91c8aa847a690d6c0a533188d2006265fb7134a74
MKK0616,16fc75f640c1a19b8ea68bd1b02bb091df30bd5b3a82cdb5a867807199400f91
DDA0185,ccebad685487f78555b66307a1abb3859f1facb4c0d8ca3cb5ef2cbf625358d3
CWW0017,14c390820442539976947a9f30552dd712bb0c318d3baafb9e52e4f71f949cac
CKO0978,b2ca141aa12379f36236f07bc793d6c6c24cb520cd4c91280c9d4d51e21f7fa7
CDM0332,f8f7e6c2f5e2f2f531082b4dc33c246bb0bc022bf36746c339e5d88ef306e0c1
AUS0412,4670d111f3421fe6c66420274b2ab8fe1d93dd985e9d681282252012d7c916a4
AMZ0993,86d70c191b7e6639664720ae7cd65d2cb9562f49d3eb981fb8db1233b3beb276
STY0991,5d4aeb15a320956b1841edaea57da2972057a1894cf87486c52ad349cb148d8f
SHW0333,0ac104edba36f6561047ef2aac12c64e653e81169d5d48e29cf8d28427b64ce0
OSW0680,2674ded2d948dc1d0d8cf6c351216cb7ed8248ed7a3921c76795c20df6151b07
MFR0433,935abaef99631b48e4c4764c8d64a4a8aa07ba6f5b1913480fb93c35fba9dff1
KQL0262,9886e06547804ea56b7f0a23560a6c2c5d43de25947b606f91906ff5c1effdb4
JHB0073,411c0e8c61092e038a700ad28fc2bde0ee2d43a1580764ee7e48a26c23ceb15c
IXH0619,3ad13cbf6c8795ee996c695b82332c663b2a46ff6b0311349f78edbb47aee714
GEK0666,bc3832c9a15f76b59dbf50c4571434910bdfd267225b215d27fb32fa7495f025
ELV0677,4db98b4670f92b2e461d5206598b77de39fa2fd99abc39bb865a09aa8d601ca3
CHP0443,76be222039f38916420787e8bf175a31e1f7a8f5994cde7f5afc3bfbc5bca651
CCN0611,66548ba7733026eec7344a2c99efe4d00194ac87fd1757f181274197a2f5586d
BTB0254,9c16d5ed25d4dc5d87f3cf5e341efbd20293e9053c1ab877f758672e92f467b9
AXW0121,6558df0ff1cb1e47bfa0eb5d0e20e59aef1fffadc03f5b3153d1fc828ae24a6e
AVW0409,e8903e50c90af24efd35e91a5a2303b40f55d2228b562f7150f1fb551831c6aa
EYE0188,71584977ad2b2488db37d5e96db04dc85d1efb7c168b125522f30d74cabdc5bf
KKM0182,d1ba6848f57a2e41b6e823f723b8116211c195ad448b0153407d4ab821517e4d
KZW0440,41447876ac0188535da93375df3524622e0f591f1b25bd74b8b1eb9d1c706a1c
ORR0977,3dce98a517613ddd3d904594bd93a71c6c14cf40ddca612bb4d6b4b217d2b555
RMH0406,7380e6f0db4d3bd87bb6f35d23d3a2b4f093c8a343b7548c5dea032d4c55c9c8
STD0242,6fd80adf6b40b5c1ea2d808724256f130540bb14e72bbdaf5ddbbe1aabd5536a
TRK0066,abefb3f0a1ddfebf2a224bebada0c4622dc10b51bbdaa37c9cf63bbc731cb49a
SHC0237,8eb79490efcf2911a8fdc81edc3d732a33dbe7d5cb959f0bead30be6df14a53f
KKI0435,9c3b5202bf95cb39c3db9da137ec2299581f2c5ff8b2d84618d22d0ed04d1801
DOK0341,6ed4f3f625d47f763195cf910e2884b7b5fd1fb9a7a60f6a8594fdf9820280d6
JBO0420,d7452f94e13648992e2d43b61afaefcf19588b3cf31cc6bf189d0a68cd1e2245
INB0068,ae12c869f23781c366bad68f9577d6228f9d583b924aa6c32455bb77bb86c8ce
GSP0669,368b3f0e907a33d041810e8dcd009c333c716432d75403a8fbd30b96bd82f44f
ECD0610,ae0e776f739587eb6e37af287bf4b20c47b1ccf39fbd88b0595111b5249354d4
DBW0282,2e7087691c003d8593351c9ef1faeabf73d220ed0e4aeed297988c99ec8fd4a3
CAC0244,ad03c90c07f874160ae26da061ed65caa743ed233dc8d96b36a654eea0d47eba
BFF0257,f0d679a275f488ab0d4598c8a3cf45c5b5acd28f88625998e1787b70f64359d3
AYM0107,111ad48a5f3f9eeb5917179f4391a7dba3c46c48e7bd24d4fc28ccb599a3545d
JTF0661,a144c2a99834bcb190f95f9d47f37a0546f8e99f11ba5498f90c964670f15c63
MLB0010,8725df6e6c1416194855256f8aab24c3593f7d064a0819ae5fbd826c4bc38734
LWP0626,7c65aaf461f7adb041733d9b0920674a784a4d2f2ce1aa9ee6ecf25cffe2cd17
JNW0414,38fe80daf9f5e42f1ccb7c24ceb3b2db6408956050f8bd4ab8a2ef6118bc8957
IBP0601,d16e0cae1fcd2c216903f5d27b8eea3f48970127baf9e0b6a79421ea55258671
DWO0241,76dd7448bc74cb2e862f29d0fae2d48e11314eb8197a91a8ad7b45cccaa629e3
BNO0995,50328e83a9b00dbdd952e4b8f7b2e6349c053b28e03cd9f6e7f161fa3f6dfcac
BLW0992,a4342e4f3eefe5ebb1fd7d9a2ffe5cb2f52aa367226372642398ce9a68126dc2
GWV0408,e95d71a07025199b480f3f1697c3c01683d98ba4c4b3338630de4b9189c6991a
KAW0424,5674b763594785b2a9a1691ea91566b3a713f61f06d1acbed23bac001b376580
XDF0261,23ba0c43c8a3a3d1fdd68e675e9dff6b07263e0b0f831d4d66bb7512eef91234
SAJ0330,3da810147070388a7225d51020b302ef5d141c8d1da96cc8ca1f1814a597818c
PZM0602,0bfad1621e77757aa1ea8046657efa086dafcfd4527381b9675d3c7d83eb7768
MIP0183,b0cf0d14c85c2aa819c791a7ba3331dfc32bcc2debedec7710cc55f7f4495f67
JBW0623,a37d0face9bbdc497412d282f416fd613d5f7b7dd4533d52c628f233d04a9733
JKN0431,e869939bbbdc7491bd5356d476827e2c880248a4efce1b9c2bd9b49a61a38a8f
EAW0253,18f622766ad255291eb009d3a15ae53c85ae6c66849cbc081098760abab9f6cd
DRG0536,86103c1c6f20a5658f02a624c8d5aeae301ecad0c1d35856c222ab9e12112fce
CRS0346,8c412a73895459c05b61afa3466ebfc5e7ff13706d646010e3f1c677a73b7b89
CKR0339,e5d7243eea24f234d5243138fca4a9d9e789f26fe69e77cd460e6a5e3fb89d69
ACR0280,22b0f058f49c2a4cd670421a56e9e18a2328f64fe2b9fd93951fa5aa2cedebe1
IWG0542,65e339d11948457c879911780674e0fec0ece46543fce54c0b0aff76ddec62d2
MNF0048,6a02fc28313b359d39fc068fffbadf35f75da37078e881f12bd44e0c452ea241
WVT0071,878b9384a26a793aad11c9f5daf9089b39ccbf4d40552fa8cab24b1ea48ee52e
VKD0415,1a0c4f357775af28fb296ca5fb3cbda002e9963135c001d7b958aaf7f2c35d20
MTR0674,50508d8c2bb908573d7bd2c1267e59888ed7f1da780c850d0a0bfffee47a1e3b
MRS0180,57c9bc97ba34e21e0ee689029106203da24809caf7a6c5ffc41970f6f06d6995
ATB0075,b4755425d57f82d5df3fa55c78749220cbfae7780d3575c97f832f7de2b97156
GGB0550,bcca27f9690a31fe4c93c30ef571239db4f28fd1389224827d6df73663e096ce
DPR0442,f4bb46432de4db369b9edcfafa876c1d1639207da8fb25b2fd4c510e193846c2
AJJ0621,8baf326300367a62c7a5557200789083a8bfeb6222ebe4c26148ef0689bd3c3c
AHF0181,efc9f29bf8fdb3f0615dc7539a25c7d39427b822286d2e902ae0f02ed470de17
MLW0987,1cf9901bda43e1396c3da78ae83480405468c3cf3eac98d5cd0568a8ce5ed656
TVJ0250,5e9db0ef752f41ee40eb96fa644543b88687825785fee17e4a4762ba8d48ec33
RAC0613,c7b977041f03af671edc8f201fd203519050dbc7672ea66c430690b6d680ea2c
YAA0548,9cfe541ec1be8cc346f1ba7fa8f6565ef0e5dbcbb3cc63b78b990f34f7cb7a55
YLW0544,b7b9110f2c2286120332e2a906f7582322309e27f54fcd717562f83912e2d948
JAL0618,b17d4a5c0ba7ba88f73e6c2d74e2bf792bbb10e545233b1f62ce3e49f96ccd78
WMG0258,8ec3ec2dee9d79bd82483d20ce31ce7d454cb3e05247ea99ac9b2a2ea782c76f
HRP0605,5a8bf2dbe107446d04b741131a8fc5555b00f05870360bdb63310c06969338c3
KVG0678,f3d3f6bd0d03e76e7895b39e7c1a04ab6c8310aa2e19227ca025831a858e4662
EZR0547,192d4eb1f95c19a107d87ea79649d32bfc514f62a9fcd56d674602847a19c427
GKP0331,4b9a1dcd0d5bdca06eb8030132d49bdb862aa1836ed2154d49342a643387e9e7
BCH0676,52dfdf6ab028007c7f4c98a15c8572879e68fb1b0417470c468cdb6d81317239
BEF0278,51b2e31209703eda09acf9038063c29d5b220b53685e1b998ac608a564f5929b
CBP0445,b30ba7d6929c9034640d4b21e7ac5b26de24b2969bab6875c66e8e11091131d7
BCE0013,cf2458f003c7a7a31b90193b13cd304202ff44dc87890173e1c364be35075eb8
ETR0438,f08809fad4c1f6b111363e87c2a6c335ece2e8d6f37880cedaec98f60bcb9cec
CQG0603,bd209cd542029e0f7932e250cd3959d6ef4c0c5b5f996ecaec0bb4cea02a34cd
WEH0432,b9353fe4cbe7a538e8dea78a5ec5da439383108470d862975baeadb8bab8b766
MFG0430,ec405c3b21a54331b5110a1228cfcd033306217620b539b8a51e30aac10db872
VWK0541,9574b663932c1bef3897001dabd4a00d6cb5f4c29202110cfd42a6ada3ee7111
TVM0628,ca74e7b505aa9c2a55c79b307fabcebcdf3255332471479909a2d7acc2ad1f9c
THN0122,2f8547a8094c40e603e00db2782016279524000db0d6cd53de4c9046dcab9fe2
NMM0407,2a51a074eac5eccfe4b5d0a20417423cd0e58d7740d8158fde117c18d6a9b837
NGG0630,eda3ae78ee67603589cc4eb37033d1f8e7b5b80c901a5a57407a3867908671c5
MAP0627,85cdc5032f850b1a1f69c7d0786c8fbbdbe120c6c2d1f8bd782c60e6a237a9e3
DDF0352,cec23444be30af1b4b52b67bb5a9eda14ada497b8d349379ab5a924b22045549
JMS0067,1b3284a78c5bcf72c97373c6b06406a5ad09ed2dbd96d7cb296eaa6994144d27
IRG0001,828729d4e3e5d8021281b316a62e6c54027bd80a1bc1676fb0999623c60b4720
INJ0422,d695a8ea1235f6c2203c9f38bc03b847954f23f569b84b2c41e7e2d30fba047e
CSK0084,507d1cb7349e8b3a5b11020856ba3c9e3b0e5d0185f649341d8dbd504ed155e6
COB0411,079488af2f9129585fb4fd9cd5d0677a6a398b7f96960ded0467a31a0bbe8ec9
CNO0239,fc89e51ec3df17c581a248481b11ded9e4349f9830316c77bdb34db7b05baea6
CJM0243,2abcd23d7b13a028464ef7ba23579d98ac1b0f4845b0bb4dc0729e8675164564
BKC0344,aca76d95ba686a08e085fd6d8950c75bd6e1ebae2d45e8cef1cac1dfe103bda7
LRK0423,8fee63a37f16aeffd03406036224deb65a7cfcb93bad6733045f9c9240848e29
IMV0086,b7711c1a5989bb9364d06943741a9084ecd051380007c4dab9754e681b81c5e3
MCF0179,12a8355a075e92cfe187a7056dd01d5971cc10283c5a61bea82b6df3d64e0738
GTC0106,f1b3f35757bfe22b25005e6ffc9ac74c41e0cd9c76d7675121767b73f1741869
SPR0287,075664929a5d7269f752505297818d17d5150bfcd239bcd6ea50faf7c12bd7f0
VSG0016,00cbcc7f651333d80783e33ea8b0b9cb1a4ce1c56b2c356ec7677cc0ab9ad396
NLG0552,1a221374c70ddfdc264e620fc8700f84967d7ac2eb51e792678942c8f127e829
GJG0070,eabf80f92b7a0a147085933a42a7bb95001dc4accc494f9403f377adf607e574
GJM0417,9c319ec04d33b67f89d7e641405a2b897b4e2d34034f7437bb345e0743879856
DCB0413,a59e5ab27f97aedce91df77bb588d5bb5060afd7f7ddbd080168cf84c6d879f0
GAG0238,5c1a3d79bc0d6c079204e610838c5d1d67810e95edc8f269198a20fd43dad8e1
CLR0343,6eeebdd87670f503ca8fefda2895a3f32905b327dc21863fe38d2427a85c2af3
CJL0436,2578cdd44188c34e262c9f83367e57590ba82d1f0c063df25acfe7d54383f46a
CJD0114,6e9d559512bfccc607ac646095e463b739ef20317aa0c91300eb1d72de3efa16
ATC0286,62e7b1f7f4ed01f100e5d02f018467e69e187bdefec1aa0d19012ac3a4738852
ACW0260,444a8bdfdc1ce3950775f5f28ff24a2f03073ed3091edd8c3f1ccb3c9411b2ad
AAT0419,e5866e7003d077e92061930aaa31bfb1e37dc043bbd7dff6ab21199c5b5b9957
LPW0545,ed3df09ba386677826ff81993a6ea0347157f40b64b30beacb26102812e69032
MHD0984,100e752f8f084acdae8b629b117e0140be4b92749f1cd4d592053c29f32dd3f8
MXB0675,47bb24424adce3256a66d62b86b7698c92b0a0254629546f5ebf83a69285bfb5
TOB0336,73952c2186ecf3b571db4093cfa58e2228fb6ceaf2bd34f3396900915a99ebe3
PBA0617,cb841d9c48dca22a6c8c58c6166a6d80e8a47d3321e608e284b2b08151244cff
SSG0256,c85bd3422a3d1a5af70814a68fd3d78274caf3fc4005c3a18ea284357291dacc
KJK0279,445f3bf7ec1904c0dbde1bc5f2210f3dfe022dc510e388f421ee63e8b4370033
JHK0221,a9c6a19c868297fbdf369191a9af5a5a0bcb11c3372ec3d2ca89df85f08b5c55
GQE0018,a231fae879521cb5cd859fb11a91256649d478aabf9e64b4fb2339cf81000753
HKB0608,d5ea3d9c355951a9550b0ababe114d12f99e5d4879c55dfda051e063cb767f9c
GWP0206,bc0ef92c5a4970627c9728a5e3f1e2051aabd3cb3dc639266dc44297b76cc887
VHS0606,0dff8433115993b5d93b41fc28b82739a2857fdf72133d62c1829a0aeff4b26f
GLR0612,1d4e4570b4a4223f2051465c01e1bacfa299828889bf745af2ca9e898122d31c
EZC0251,402c02a56bb60596083566802ac5728864053b126754b9bf29b83db97136efe6
BCB0186,975f4452e2030823a1f8b806cbad1c26f65ff627292370a5e5be0fd386947e48
ABC0207,9c0270d91ca64ddca371b4ab793d07b6ce63f2026c2df373110a8332aac9b7c3
HKH0329,20e1baf0352af5e5e74453d0e3fc86d205ea21c7a33ecdf251651a481870b0de
CNA0033,72888184fec73eeb04156b80f9b747b75b0b813ae594cb0f71e6370127504bf8
CAW0160,3b7c5c03495226f8e00a7355306d3fca1772de06011f2fd46053e3d41fc9f2b0
DSB0210,e665777b797d5a67ab21a729cba1352fce28baa2aacc6baeac6fd9ab480e0334
IJV0012,3d720839032b67c891172a17e199cca6b3afda6ed4308555356d92de4918028a
KOM0197,e79c294b94205fce9a9ceb274f04c96498c78804f97c1231f65ac9b3fea37e54
OPM0980,d00c0159e7e4ecdadff4011e0f0d689b6c9cee6eee74854c55f0fc72ad6d74ed
WIW0194,ee18d7facad81f68685be313a2da0e67e0c8341cc4ed152dc606d7736fd81058
RRD0039,59d79706306db5419c7609dffb6e0e5b8692dfdee2672a38c7b1df98a8ae7855
MST0193,38481290f99cea45409612299a4f611828aa4a7cb7361196626fd9c0f6868a4d
BBS0032,6faf66146bd04a507401ba8ac993020ce28cd9d4d27dc84e90c23ed1d99d4edd
IEC0034,d7b3a8c7997486465dab853494bd3acab3157a1050bc601dbc1ce9c1f50f9219
JLN0022,1a2fac6e90d472676a2a2aab872f4b6c498d50b68ddc4c4cbf53be12a1ef2275
OWM0021,372d1ac3dd556f72c7ae4e7b7cc194a84595a4fa87b1d195a6995a534ec97211
RJC0035,938527bbe02a8034a57e9e6d5f0f42b0394c7eb63dc985d61fdf9ed631c93812
TOG0025,c0768bb339b8a45fa5c2e48469a4eec74a6628f1faf63a1a2b011bab6f5b7bd5
BOW0011,939d4f004659a35a69859299db22777c2c269bec97ce169a1c756628af8a7d9f
DRP0222,0803bc2cb8d95e949a5c0c697b9b6a4653c8b5d613b99a9a2dd4255d99fa6bae
TNA0036,7b2cee8eabbf29234169b73263cc605740b65eabfe934264701be85e184b7b38
WUP0979,7f818ae4fb6fce335db665353d8023258ce3a6cc313589f63619519412e3d04b
DNH0023,da55d1c7373472851a83132df6da86f37006eb4fedc1de2a070f05c1ecd41738
GFL0196,20410bcd013943418f8fb56d33c94830f94c419e1a09a94519f5c729e6ea9f53
LLM0211,e62f2222c5c60a7e2f71042cc9c3e679f66164b234b6569de215af3fd4329cd3
LMD0218,cab473469e522dae0a67e0be293d34993f56da36117e7442fca3f244430c6632
OTC0985,d633e0251307c3c26bc959e9a149e79fe0ebc841414d39bcfbb3512754bde773
CAY0024,23240d865055081aca28597594909f0116e15470e18ffbe0cfa0234abe805b07
LZJ0215,18f8c3f86b42764be266125212c8f03acf0db1e3989084de70e7345313cac997
SMH0358,261448f0a0b22d031b276eb3306130e0114a2ad61855cd199dd814cfcf61d333
AAD0986,80ba378f8814910052c44655cf8bfed05ec5549b98100b2c5b79cdea212b0475
SDM0375,80ccdf0561614c3cf6f3765b20dbfcbbf7a4e66a0ed6e74c09bbffc46210489f
SNM0190,47706f47786ae1e852fd7ceae845fdae61c481ebf81b663c964124fbc7207923
LAP0982,c8f15b4957280021a649e52fe952e4732f254eea30954532a98f5664cc478551
CSC0373,e70213fdc007ae75dbb7246e600aad7a0e313b43028607d25b90b37ca82b36e7
BCS0212,d5fb54981fe9cb52c894ce229b4f9b62056dbf28c280c5df78a3339831f38bf3
FBB0213,79d80965d0b9a7fb813d9a9259c7ec2efb1373c8d97e86b9920fee8bb144ac8f
DGS0220,78d91c3fc565d5333f2b630cc5ce91579c50d78bd8af6b24c71cfa854253e6fd
TIH0348,13922d3476e543112534040557476c1417e07f89d058a36910959554cd5f8157
ANC0037,8b3829aaf5577fd1354a26468ec1e5adb1c71feb9e080f307635022ec68a8fc1
GLP0981,3ab98d9b17dc2d0b441ef1c705c72b4d8601d8af5efc2eaaaec9e2b330a6d5cf
JVA0208,c6af08dad46e2f68776889ae7b6a76a419041a8355dd5544e5bbcb2b7c3334a1
MXS0165,994bee44f384f2f7aa94fcece424808ca95db54a1820cd0ae454300738a122ab
JRC0983,216985795eac4499713a105f2a256e723b0636e0bfab4d729f53750d445abce7
JPB0031,5e21111ead9a08e821e8845b8f7aee93ac7ea28ebecd3107f83046320eec297e
DEL0161,1b4531f76d89222597bcf772bcbdf15757825886d8944d8ea014f99f0e92f18b
CCF0150,a747d35d8c0cabaa012f557199abfb35e2c6dd29d778096194efea952da20b0a
DJP0146,51415ffc9b6b16b04773d89c4b7ecdbb4a4293c2920609d0c848d1374b436862
TRH0056,acc135c9d09ace049f71ecbf2a97de237af9745840dcadfbb882a916fec97d51
XYR0049,8e6e2f914115f176a9629a319397159c632c99397fde476e9f279a79f5e9f620
PBM0839,41c224c3291fbd9d0f95a8d30f8518dfec1394d917e8c30a6bebdef5c037b9e2
FIB0151,aa38e995fbffdf2f61ed2617e2716e39b0ffe548ee6a70e3adbfb79e682abb0f
JSC0836,6a8bc440777e7a846dcc3ba9c126271a0a308e0b327e46c6dccf84212cdbee60
KNG0826,f24b8dd2e29bd579d1330a2b6cab5b56c7968af940d7094889ae4354f3d889e1
ZBD0847,3027c28b0491c9328035062120af3d7ca1eb6a02a3f9ec69c1b91fac1a089abf
CTC0119,064c7a434207d95aad703413a19f55e4b6f56aca6ad1870e3e970d7dca70f565
RJJ0177,1a9fe7a682406bbe43c5691533d23e0b050f839d6ac2ac9cf9d0cc722674c981
ACT0844,01766b01b443ca997fc32f9d1760751d71dc57cf70295d3ce22d92d3fd364052
JJF0833,8c26eb88b25202f6c9d1df1997783984621cae39b06911f416f5ddb481680f8c
LBD0835,56ef8093d2eec1a3fa3e9f5961e179b625432bf5ac6f4136d6b7c5a8abc6f7f4
IAT0143,2c1a7a0f7c910e9d64088901061a86f9d4504dcf9831a3010544f90467b4b093
RRF0831,512126d44429cb2d03452b67f1ce68b1245234281b61cea4d347270a754828de
SGW0846,94365d3ffeddd99d55f456964929b540997096428aaf41de016e4aca35e5806e
CMC0823,841cad81ba85bcdf49c3918ed01c6414ef6e9931052af5762ce06ae4fd0a72ff
DBC0832,343c9a7c8f0f905a28b709f2538720ff8b4c6698c24b35519b57eb73c5ad671a
EWE0055,336d2ee716543ea4c3b0002c5ee664bc9658dfe41a9339f5f58cd40bb0c58562
JZM0149,603c7cf1a531a031d547335aca21f425de3289264576b0588fbf58f0685e6b5f
NPS0850,133d3d40cafb996607e76c482fc1696cfed1b110dd17bb19526234441d54fecf
SHK0822,029dfec0ca96d74db8328230af8d484d4b67da688eccf5b5729a5649e4f1aae3
RJC0828,106d145b72b520713f63e058b2e41fc9420d13e993c17aae87b4017af13856ec
JSC0054,0f622c40b519ede4bc2a7a1e458357ca30c98daca02800fec223479288854215
ABS0840,756384218a4a8e405145e25c045f818dffef68dfffa95d4ac200cb67aad59ef6
HNC0052,6204feda82e9ca8f4686c71edd662b135052275e969d731613075724e9708b88
PAB0788,3ba1c2afdb080c046872966df01c32f0d3d281a303206c1b13acbc803264ec0c
SKR0141,d199b0389ba44a56519649292c1b819d3a6aa314f59556f19b267ec481360523
HMW0829,133681dd6d8956bc72146814cf75cc3ca4229c23c3ac24c373790409ff6e6eeb
IEV0003,0370e55c6433988016b1465ada3a7c133a27df40421b7f06cd5b242384bb0b52
ICF0824,72364f23eae482502b572f6f17c68aaa4da0d57eeed8260b7913492c950a8fba
QJP0843,4b7e784931f225686dd0478a0c07d333d0b2427e300be552a5e1cd7540fd6d46
RHR0842,36266a42d14d2ebd00d64cc147037247307e9a24e74660a1e501183eb0ac1ed7
MLG0821,a226f9ad4ee4569dec9a9dcdf70c22e5de7abcfc10c39ca44f8005ec05082bd8
MBG0838,b9fa1572a9ac65f17e56220a3a63ffd219ae1a81fc499231b6f25b54bd0dd1d3
HYM0837,becb61a8ba3e97aa32d5201f101340955ad9e90e155206321f131765f34e3076
BCC0825,43b15ce30819a30c2a8c1a560965816a8b85a4fa8e45704643e14699d389d362
ESR0841,97b402894165b5bc3cecbf7234ffbb2bf0f15997a2cc379617883b627802fe3b
NCC0144,2dced249c2bde045356250b758ca81e882143c677b3a4b7a19b287b987aaa4a9
RSG0009,cdc1da723bf00f69cdc9ca0d095c941285c2a00baa5efce2753bb592e99a9351
SBS0827,edd929c7d6aac69ce885b36ec6d46a11ab75c09e52c1ea242a3cbe0706a5decb
SJB0834,8d5db9e1d405f198d795c0faca69e303b4bac9dc19b2bfdf8739aaa8da6be1c3
WAB0277,eac6c3bcd9c934e568686d49690cc12100c52c240400f5e1a64e189d3a549782
RWH0078,22dcc51f339a5e54e60238a079cef32694d90434bb5c2ab6ce6ec9629a14cdc8
LMB0271,38cb475698f9017e1a896458b21d3f9d701e2f7797e7659d2fcf1d53639e7533
SRF0199,53e506ab5466d0fb924cb0c85333f0a5296067963cffb120d72dc0fa69b669ec
AKG0103,a50d88bddae671ca53a2a1010af98ee2e9e510b032b772b3a912b00003008925
CRH0101,c2c6d65003ce5b14db1b9eb781f737a9d2b8385056518a8c14d392947881dba3
CYG0689,12da19e1a6ff3f78b757d2b5c67b3ada82f3a898a90ca4f4fb1364594cbaf2b7
DRJ0685,c31cba1c2f814440ba7ae4a46839b90ab1d848e3bda307049b73bdf763a0a40b
KDD0104,54141d11554dcfc2e2ab57d54aec280403e6dc05f10abf47db2ec0aeec1641bc
TTA0690,d91e2fe3a80ee1ee17a79d26faa80afadf2e80d5aa735dcfa3156e9aac09ce07
BCO0270,c92faf3124ace504973f07d656ce0fae04b80e3ab07fc1f1d0818571d4654a07
BPC0693,b5fa4b5159d6a01bd32d35b3e7bfdf56cfed7c424169f801a77c4af4e1c2a1bf
LPH0662,db5155d5e3e61b057c352702833595ed3b2d7427ece728bfacb26577f5d9ecdc
MMF0102,c497b6f73747839b633e07e84139eae666bb7a5b3220876716f8990070b17207
RSW0692,062a7ccb37005de759e83774d788386bcc02b1ba316d95c70570ff972826aad1
DLU0276,551d3f9b2978c5afa8749c70b346c9773b89e4178658923b394624b0a823f1a7
SOJ0269,c88013f591994cd7300e4aa2eb06b1ccac175663aa60120331b85babe997d338
AEB0275,e0da1026a3098bfa6ab2839c8ed376eeaff3e811a1ca92f3820b497facfeabf6
LPR0099,41042b3c28c79bd38ded63db13c7591c5559227841019322bbc12dd49f537a74
IEH0096,aa305aa2a707bb1c32444f7a995531ee817a01a42ca01ec370f60a6cfc7ee9b5
BTS0268,0f042bb4cc190d09eac673fd00a1d7e7d1b55f8dc44cdf5bcfaf712eb297539f
CAH0695,974549aba6252f3fd4132a1ce14ce58bf9fcab8fa4aa5fdf0c0d548329a684f1
CLT0683,d160a42f5d6a9e994e3ec16138108602457a8e0a18ae68131ea21e52f66bf7cf
TLN0274,d66d7ecc199651f313edbf64b1f5503335acc6abf304d244871fbdc2089df70c
VGJ0098,9bf36b99cbc67c1b73bab385091d92898a02c65f9c6a21da11987353c571cd80
CMB0273,333f6656e0d871727ed645d454ccd103c0b7ae1b3bfef21e97e8b3bbf115113d
SHO0687,4359a034ba251b15ab6f187b5960037fdb5c828b4f3716b6359cb684bcb91526
HCT0682,8ae9594427b2aad2874d865d897280a3a8e0335a60f3736cc4dbad0afd9d9772
GKS0198,1b7b2f8b1add247f5c808fb21f6e18fb23cd9b5da3ea2aeb7f84e74caa41dd70
AKQ0686,59f850c2d45e7d5bb6fbab560bdf3a99a78f0d535bbc5457d7146bbcaf0ebe82
FAS0100,e49608cf12249112ce045f83c4a828357c5e0b67dd7b10d5cb7b35c32a8914a7
KDG0200,fa10156c152fd164966de6d251359ce5d4ac9474a82cedfe0ed77982881a161f
TYM0307,d20887dce5ae5fbac43e9c3b2d8787760d672c75db47e2142f48926b3037027e
SRR0756,3e17528efaeb0e9c8100be2065f07e2550a028cfa2f4c7431ff710e8fc7fca41
RYR0272,cf1e336fe45d112dd36735cc19c5c9d76516f94cfc4b505ab666b52e3c553437
MSN0534,fd469bf46a5c9badccd95f4fa813ee87725c6e560795b560397f0787631c0084
KHD0782,b9345bf4e30363ef6962ca522446c4d2403ccaacc131c0ddf02831a29cff2be4
JWF0768,da2a3f74a03e53fc3c9bc307e571c98d049965e4755d4f8e63fbd44cf40a208c
FAM0784,99e81ed774510255ead9b185ae6bca2f97b48d40fe9bc99ed93f82abd63a4349
GPT0191,e29f530850f0e0c79de6f333aeba1b7c7f46bee95b16fa538551d16eef38574c
GMS0954,18785c5563c514c909d4d94844945ecb02f97697ffe5f961886ca2abc71511c8
CAB0691,3529d3c2bc604340d5068c55249a1c4547bfa43af9373e0a63729e36719dc794
AYW0772,ab58ea735aa338e9e0f2a7848ebf39d5585352cbd9e50b01c8e6928183197e72
JAB0694,58b32f7e5ffe111f4907072e1f26eb8d2e6cce882f5b0915a4272bfeabb4a5d9
MMR0298,0c1aa4075275efc06db0aa6b38e28c05b988029b96f13cc92120b639ee1625be
VLW0512,79b86f2a6487aebabb47487f82e180d44b7fd4c0a7c149d84c087b8a0b9d2436
MCS0535,aa04bc1b7a458c6bf4bee200bd755e02afae602bee1d816164447c4516686a7c
GAN0509,8863cef2dd52625c2511e9eaf828cd83eb9440f2610b9a03d75eff2470c5eb2f
LCL0140,fef53b510fb0c116ee9efbf008eaf9fa4b47a1a22650234798fcf4827c4e62a6
RMS0523,b7c8ace90334140c4662ff77684e303d4531e19951042e34dede6a9f8d9def51
RBM0531,a604e33005e6e7589b0c3be9b4a43ef298f54e41f18c0dc8099d24948ed92689
MUS0532,3d60b7d9ada2e31ca5c30e71bd2ab7d0cfe226a68fc6a771524de1b794eb4260
PML0132,8d5e1e9ca31d207cdb150a962d34f1480aafa9bb7aae6828653a12b9885fad21
GES0960,a5939039929e9155785eeb27d06a94a1547a0d48c38008d077c7c4c1dc751531
DCH0809,a01efd90de9e74f9baae0900e4fc9f9a8ad92b194654c49473a0842a4b7a2b37
CCV0520,832c26e99b1843745b2ae316f8be6e07ca1ddf14e367b308d9a696a0f3008c82
BAM0135,59d82ed55ba8ec8eba536d99987c06b23952767dcccaf3eda9e99b9b3421f919
IJW0508,c30a35dc56ce7e395fa613ee64c764f260fdac3e7e1ea0282283b65295823488
VKH0776,9fe40751c8d5d131717850670f9913abb2abb6cad04d3e9e481e53d0d1557ce7
CCG0138,3b076831f109633fc97c3e58b21cdad159710de83cca8eec557798cc4b60c53c
DJM0521,3fb8140964d1501b180167e8cac3fa3b92b3cbfe1c9d8b900e3cc6c8b86e3a52
DNM0767,d21b321c6a105b0f8bfe0114838b248dd22e6aa96d1467d7a6a52580f5d109a0
ELJ0777,0a5f723439e13197ae060824890a34a00fd6647f80cf9dba3716b2d04b76d79c
NIF0303,f31a74b64a6b847632d8220993105bda8981cde2731327b1575732960ec5a9a5
RAW0946,9e3206d6125d9e44c026140ec5169fdf786bb51871b6f08484d2e8eed9e11837
MWO0818,2e4afb24b1e4fafa8c058881fa9a24566d5951cf3a689e792488dec5f376bd2a
VTD0813,3a142571dd8f556a78bf3d2241a8b90beb53c2eb5a6afa039b9789867c8e6f37
BSH0514,8b6c4b729fc85dc0d37c06e1af9e9cc23355f73e593514713cd0f001859e51eb
ECP0519,d659af1a5af71f23dac7af099c8bec62a424d719344d770decda2a6c8d38cf8b
NAM0781,8dc91a87b73cf690c2840087f4113e534c8709d736db3705ddd73fc7c2613da9
LRK0511,04b03077c7a263b5686cba3b1313f7a69e1967217bd003f84b8ab7bac3af777f
YJB0758,62fe36715c1aef596339960918f27cf5725e93fed85e8e3ce8a3770eb61d9c91
NRC0965,09e0fbdd703cfb11f7d341b9a23ea47fd796dbeb862a8c8fc100c0c616670995
KLM0524,7cbe428897732b91125fd58d9a791fdbc2f613b62ab34a39265e328678271e1b
JPR0518,fa125d51d084f5b5c3f847ebc04c4f6c698a6afb425a88436814c2ed9482a39c
FAM0951,d626f8d073c65389b7f61b5e8ccc8c352ccfde7f270a1fe369e79b9c3fc4ec29
DGR0769,99eda70ad63e11b9a437c4e547bd2f4362bbc6f602b3d5b755ab8571234600e1
BMV0969,eb9f2ee0e83df37d7509d549eaa2c11fb229e8bc60d8e77c640ab496dc78e042
AMB0288,72768d415f5ac0ba4bedf50c223ebe2d030dc51b87cbeb349e54731ddfcb4e8b
AKS0812,68a803272c9b50c3877bbb451cf0be6fcbb4fc4347b0c0ac57dc9af2f55f8df7
WTR0529,aa0f2494bf16abe025b1b94ea5aabd87e57e30a0b305369f0d024e55f5d9007e
WSA0817,08b618d1c1151787ac0358220c0c704a13c5a595ac27e920079868e00831dddd
SPN0913,3e0bea3ed92e8ea800d6e7fc40480c6e32a93e842a3aff3e3cb6214dcd7dd57c
RMC0775,d8b21208874214f97b29a0bf927e28560194546af61ecac52ce606d5b8e40df3
RAD0506,33ae599b60d9953cd1aeea52945306096f1bd80731668077e2fa8b93c50aaae8
PBA0785,eddd65ecf55a4f9975301d4674cf3a9b37026a236f291539c9bbc4b4390483f9
SOB0760,8ebbd54d09fb5f89a151bd028da301c869d7cc4e89b7d0f895648f315d8ad4ea
JAF0300,69b91d698cef4542347859f658108124766eb83b45fa9d4b838407d958735160
HDW0765,4549cbfdb49c033f14c9b050cc07976d24a28ab6314e60bd837241b183934877
ENK0530,d3269a2650cf76ef692abecac64bc53224f12501c5932ee70670144ff234a727
CSW0526,44857ec9e92d7a87209c4a6a442fc45dfef19581e2d06c8f17daae91167c0c6c
BFM0761,7ce2a0ae199e764ca2d8695153f58f2c273036afd7a78a2b45d5db9a7103e0ed
KKR0145,4bb08c3c182ed3ee1d544cde54adf69fb4efbd537f4e19c17dc45f03dda4feed
ZDH0816,6495efdd6406db4bc1d63ff328e44954091296700087ddaa7cdf1578b3a8047d
ZAM0972,8df10b40a7878767835d72cbff448d602a5244d3914e91d3d8b10b95e36df052
TBW0006,2ec7d1454b413509efe6ce1f65ae1a818e0c68406a5dbb28e845e8a3e84f39cc
TBE0137,dfa03abe2e83c82ec446553b6aafcee6fcb7917d488fe999135f8a71289454bb
SBA0301,71621a3ee4222b58eab40161b710fb15b8749f294e96ddee4f236106c9657b66
JLS0948,1c81857bb0310bdb88db83ef07f31e918c8a3012e8b36f02d86ad2ea2fb5de4a
LIH0293,cc02a208744b537691fd2c13b1473062d98503dc269a53504a8cb99291bf925f
JGA0302,fa2875ff5454ae277b5ee70e8d3dd6f99c0ada2fe24b8bb735bd4e66162a086f
AJT0134,1088426678e81b2ae66d6be21c5b76ed817893444036f7a5b66b47555e56932e
RLL0299,f5c2b3b97cfc1f40983b67a65565f210daa785c0491a5457184d7e3e6f55ece3
SMS0967,8570342349953f554ea14eb0f3a4a43daddc421382af7caefd91e9c4b8d51e2f
IMO0780,38380b978c377f689e989fd0926bb59e2eb106fce0beef538b43c28b03cb0023
PMP0295,b3d17415a25430e683d048b5f26a340a720b274616128132e26a683ef73798b8
GAW0814,5bafb5da4c8cb69e491e02848edb45ff6d705ef8adf118c60622093970077144
EJM0952,a1b27ff8881a702b207f794dd95024a7f28af8d245e52e74ed9d50c46dc47b7b
SKB0778,9081edcbb2d55b94b1a6d4e630907185aa81e13273558964c324c76fe6d11eca
SIS0806,d6f36901a891c5ad27117b038231a7961b2a9154b68f9fcb1694fb8c76eabf1c
JYC0762,a4f9b43f2224dc16a52a13b58c8e3d1ecc95da7227f13cf65687a3c3aca605db
KGB0766,2e620136925fe8b3311164fbd486438d6ec83d35fa1911dfca21349947a0bba3
CMG0958,76702a1b36b17fd609fde704efefa6a391b69a2804ba897faa7355af4c9523f7
BIM0294,645934f6b5d42feb8f15d75fa169b9498114b43cb7f8ff96496d68c816dae218
AGM0783,08a3b83c37e36e3bf3f0242df7e1a773ee458597c97e1f0ea15114088cf8ff3c
FWD0759,bd62af5c2c7e0143faf18872389a0a17db65199dd240b2727d59990620de7db0
MLF0962,6aec3c2aab544289ef9b1a492e99f8886d658a39eb51543d9e17420205cde13f
SBJ0968,327fecd7c287c1e7ae7ee0afb40dc680cbe0f8b62145585aab11d7604cc13f50
SAU0949,69969fd5438667c5b5db6b8de278802310d12e4beef36665ded88e3341d020b1
SAP0808,b89ca75e06aabccad299d1aa2e5af52ad263d3f5eaede4f0b95c6573489af389
KDR0131,b1f084430a9bc44d7e3a5dc1643a8da2618779c0644c87215ef38f44bbc93629
CLB0970,f1f5069deb1d5438a08d4d1c0b5344a5f9a34d5673ec89879f1801e259c185ec
ILW0757,7aab5d68b3dd5ea2e8dbfecbe5c8e07499d7f63c14b957ba773ddd23bf858aa0
AJB0513,fe0694296e48b28c3e4006fe53051a2d234ac9d191d6e80849b5526d84eeb5ab
AHR0528,e6a20f3f8ac34d9b6af55e2f81ff0883fdf2f00402839d686a40d86a0d074538
LWB0971,eb92499e3214674b691f229e89d617997988e72af78070142fbc4ecb8b1becaf
XMA0305,8d02fe5a5f3333f9fe65eb0c9f6e0a50eef79de5941bd1b871df610448498c0d
INB0959,f7fb10c4c6d2e3c570affd763ab9fac006a83e9023fcc12e02abd154ea1cf4e2
OJC0290,57cf7596d881cd53b677087021735a0561f34fcbac8fd25decf13fa97ecfe938
RJH0297,b062deb14d896d28039da5c10d7cab97a40723a2a4e6405e16ea20f8c65106b7
SRM0973,4ae51dec906b3ac89e2bce5d14245008b4ba54add66781f8020415f9c6495fe1
WDY0764,cf5f5f900e513325136dc89d63ecacd3604dc79899a30e8c3e84ecd5f9d6341f
OTH0763,95d7291760b132527e884221470c410a22f73cb975f3d7e50f08a00a2e8350d1
NSL0963,2e93a5f1c0cec088fb569db1c5527860feec86e98b55396f114cb56745adc9fb
SRR0291,3e909e792e409dac93284e5d6fb6db57a75a9143aff7cb0e14562fa9ce964c85
QDM0820,0722850a393972b541ac20e68a53e3c4a95582add3007759f1123ec6c25e71b4
CRF0139,d42100c10fdbe22d1edb38c5791b7e57e5d8032b69b4880cc0b08643e695ae09
JRO0811,c87799bd3c76884a8724854f838fe6c520120c8c66105d769a38d0fb01aa6a9a
DPP0510,bd4d8ac5fa10914137a4f6ba7f49a4a6ec8ab622f100f2475df98ff3093a1340
MWM0964,2d854c518b08459aec2ea76e284a3ea06677bd84d50cf85b7d837774beb17b29
JKT0807,e9739c8071c01fd370dd0804d98e919f389be17ca082dcc3eccf76015bbc10fb
AUH0522,0ed75c63c674a965dca94394ca671f63098a0ac15ba0db1603fed236cb081ee6
HAC0779,576cb7152a5bcd36b00690e85d504ace7bf0e4468bca48e204e34ff5656a2ec8
MAM0306,cbf2bd1be7af1f4cbf305c30d6764656d7c80ea6f89c6df5af561570aa6632cd
RMC0525,764bb94d6ec03660142f88642ac2793a51a7ea611e307c62185ffd606441823d
SAC0955,4891775eed689ac527559a3334b96d9ab9146c66e95db38356e8dc57c2e9ceba
SKC0517,a5c41796de2e4abed377e0855f434a1c1374748cdac40d2ffa72b1d04a6a0dc9
TGC0296,aa6ec0b6a4788891262b9ba429e143d8e4064f5bc89cfadab823c7bf637528a5
WJF0819,130bfd16037a65aa22c201e05658dd4d30d5372a0f5e26b92e075ae6438753d0
EKN0665,314b448b983a6197b94686efcf7e95268442f5c041d25aa8e50cb584173ed321
SRB0289,ad2aa95ffbc715c2809cba140fe21a4e249a921b77ae25f781a8b186e377969c
SFD0787,5ae1245e2157b436f9443366ebe9bc8fac4de8689fa6ff83c53a891e4016dd9b
SBF0810,9113032b24c55752a639b41ca328719c6592a59c6aee673bf463e8cc604108a6
NMR0770,9fd6e740b7ea203d1d70a6af55a6d84e2d0ac8763abc4f3704c5294474de694c
CKN0515,27c6ea04e594b04b52ec5557b5dde99acb2cf47bc98e133087811d49b41afa73
KLW0944,bbef51289eb5b124e0ea01b509acda93db87e3740f1191f1d9ed5d6506c384eb
CSQ0133,7a30dc1c221d0f43a8283b6a2e2eb5b739434eaf12bd55ab015af5834adfb1fd
BQM0953,413c3e4f988e9a40c62d4dbe6fec7b4ebddfea730375af0556a044059c315420
MDA0815,4ebf5617a7a307ba6adb2a98b8fe1af5c46380990490e8678b1b7c44e67b1dc7
TTC0966,7d91b0288c0c7fe2423e77953e121b0d5373d3d9cc355c8f3b03dc65fb4e16aa
RKR0773,0c1c24084490d161f628fde242221f37d07a779369fa5ba38427d968de5342ec
RJV0516,e31e8c455f3e594be20c01cc12b5d7bdff0cc4e275bc83d6d9acfed8309b85f9
MCG0130,49b96303b25f30933698269e6e90d29c96a16b4542c84a59d42b4d92210ec8f1
ZGN0957,5823e34549721bc4205b4c6e9a99eaae76041f8840bfe804e799e52b83a154a8
HKD0507,b64d4374b77ed4dc85e720b7c4dbbfe9726e55a3004ac20b2c40cce3a91b5f13
EJM0304,462f9d963be81e1c6ffdcc36e47065e14ed9657d4d072212eb9ed7b7630db912
DYR0956,c3388acd4c4efadbb199def780e90102e3eec3b6b4b9686cd0210da2be794f6b
CYT0527,9a64aa432189b0cd41a787224c90016251357c4ab98621226b26bf113e110340
CAP0945,d286ab2709d5ed46beccd902877f8f7f486a3c5ae8d953f233deaa4d0046a5d9
MVL0162,c3cfa6d8f454123822fc9308d7ba1a5cda7752b7e77c29182a0b002eb9aa711c
IRG0163,aa9127751e43b30e45e961a075f793664e2ea3b8e35f362f14de52dc879fdb49
SIK0164,9057b23a0ba984f65e84710b1e0f1373945631a41b0178b16818e065e5893d67
SRS0159,34731e07c65f62eccfed12410917a14a25150c9b52cc8901aac91d6af251e7ff
